"level","province","zone","date","cum_cases","cum_deaths","new_cases","new_deaths","cfr","revision","ma7_new_cases"
"National","National",NA,"2026-05-14",8,4,NA,NA,50,FALSE,NA
"National","National",NA,"2026-05-17",13,4,5,0,30.8,FALSE,NA
"National","National",NA,"2026-05-18",33,4,20,0,12.1,FALSE,NA
"National","National",NA,"2026-05-19",51,4,18,0,7.8,FALSE,NA
"National","National",NA,"2026-05-20",64,6,13,2,9.4,FALSE,NA
"National","National",NA,"2026-05-21",83,9,19,3,10.8,FALSE,NA
"National","National",NA,"2026-05-22",91,10,8,1,11,FALSE,NA
"National","National",NA,"2026-05-23",101,10,10,0,9.9,FALSE,13.3
"National","National",NA,"2026-05-24",105,10,4,0,9.5,FALSE,13.1
"National","National",NA,"2026-05-25",106,12,1,2,11.3,FALSE,10.4
"National","National",NA,"2026-05-26",121,17,15,5,14,FALSE,10
"National","National",NA,"2026-05-27",125,17,4,0,13.6,FALSE,8.7
"National","National",NA,"2026-05-28",210,17,85,0,8.1,FALSE,18.1
"National","National",NA,"2026-05-29",263,42,53,25,16,FALSE,24.6
"National","National",NA,"2026-05-30",282,42,19,0,14.9,FALSE,25.9
"National","National",NA,"2026-05-31",321,48,39,6,15,FALSE,30.9
"National","National",NA,"2026-06-01",344,60,23,12,17.4,FALSE,34
"National","National",NA,"2026-06-02",363,62,19,2,17.1,FALSE,34.6
"National","National",NA,"2026-06-03",381,64,18,2,16.8,FALSE,36.6
"National","National",NA,"2026-06-04",452,82,71,18,18.1,FALSE,34.6
"National","National",NA,"2026-06-05",488,86,36,4,17.6,FALSE,32.1
"National","National",NA,"2026-06-06",515,91,27,5,17.7,FALSE,33.3
"National","National",NA,"2026-06-07",550,101,35,10,18.4,FALSE,32.7
"National","National",NA,"2026-06-08",598,115,48,14,19.2,FALSE,36.3
"National","National",NA,"2026-06-09",635,127,37,12,20,FALSE,38.9
"National","National",NA,"2026-06-10",676,136,41,9,20.1,FALSE,42.1
"National","National",NA,"2026-06-11",689,139,13,3,20.2,FALSE,33.9
"National","National",NA,"2026-06-13",782,181,93,42,23.1,FALSE,42
"National","National",NA,"2026-06-14",808,192,26,11,23.8,FALSE,41.9
"National","National",NA,"2026-06-15",837,196,29,4,23.4,FALSE,41
"National","National",NA,"2026-06-16",875,202,38,6,23.1,FALSE,39.6
"National","National",NA,"2026-06-17",896,232,21,30,25.9,FALSE,37.3
"National","National",NA,"2026-06-18",933,245,37,13,26.3,FALSE,36.7
"National","National",NA,"2026-06-19",956,247,23,2,25.8,FALSE,38.1
"National","National",NA,"2026-06-20",1003,254,47,7,25.3,FALSE,31.6
"National","National",NA,"2026-06-21",1048,267,45,13,25.5,FALSE,34.3
"National","National",NA,"2026-06-22",1094,277,46,10,25.3,FALSE,36.7
"National","National",NA,"2026-06-23",1118,291,24,14,26,FALSE,34.7
"National","National",NA,"2026-06-24",1155,304,37,13,26.3,FALSE,37
"National","National",NA,"2026-06-25",1203,321,48,17,26.7,FALSE,38.6
"National","National",NA,"2026-06-27",1274,360,71,39,28.3,FALSE,45.4
"National","National",NA,"2026-06-29",1333,399,59,39,29.9,FALSE,47.1
"National","National",NA,"2026-06-30",1406,438,73,39,31.2,FALSE,51.1
"National","National",NA,"2026-07-01",1460,452,54,14,31,FALSE,52.3
"National","National",NA,"2026-07-02",1502,473,42,21,31.5,FALSE,54.9
"National","National",NA,"2026-07-03",1528,492,26,19,32.2,FALSE,53.3
"National","National",NA,"2026-07-04",1561,506,33,14,32.4,FALSE,51.1
"National","National",NA,"2026-07-05",1624,521,63,15,32.1,FALSE,50
"National","National",NA,"2026-07-06",1708,580,84,59,34,FALSE,53.6
"National","National",NA,"2026-07-07",1759,600,51,20,34.1,FALSE,50.4
"National","National",NA,"2026-07-08",1792,625,33,25,34.9,FALSE,47.4
"National","National",NA,"2026-07-09",1830,648,38,23,35.4,FALSE,46.9
"National","National",NA,"2026-07-10",1873,672,43,24,35.9,FALSE,49.3
"National","National",NA,"2026-07-11",1926,702,53,30,36.4,FALSE,52.1
"National","National",NA,"2026-07-13",2011,754,85,52,37.5,FALSE,55.3
"National","National",NA,"2026-07-15",2124,828,113,74,39,FALSE,59.4
"National","National",NA,"2026-07-17",2267,893,143,65,39.4,FALSE,72.6
"National","National",NA,"2026-07-18",2344,930,77,37,39.7,FALSE,78.9
"National","National",NA,"2026-07-19",2423,967,79,37,39.9,FALSE,84.7
"National","National",NA,"2026-07-20",2473,999,50,32,40.4,FALSE,85.7
"National","National",NA,"2026-07-22",2905,1269,432,270,43.7,FALSE,139.9
"National","National",NA,"2026-07-23",2973,1309,68,40,44,FALSE,137.4
"Province","Ituri",NA,"2026-05-14",0,NA,NA,NA,NA,FALSE,NA
"Province","Ituri",NA,"2026-05-15",13,NA,13,NA,NA,FALSE,NA
"Province","Ituri",NA,"2026-05-18",30,NA,17,NA,NA,FALSE,NA
"Province","Ituri",NA,"2026-05-19",48,0,18,NA,0,FALSE,NA
"Province","Ituri",NA,"2026-05-20",54,0,6,0,0,FALSE,NA
"Province","Ituri",NA,"2026-05-21",74,2,20,2,2.7,FALSE,NA
"Province","Ituri",NA,"2026-05-22",79,5,5,3,6.3,FALSE,NA
"Province","Ituri",NA,"2026-05-23",88,5,9,0,5.7,FALSE,12.6
"Province","Ituri",NA,"2026-05-24",90,5,2,0,5.6,FALSE,11
"Province","Ituri",NA,"2026-05-25",88,5,-2,0,5.7,TRUE,8.6
"Province","Ituri",NA,"2026-05-26",103,5,15,0,4.9,FALSE,8.1
"Province","Ituri",NA,"2026-05-27",104,5,1,0,4.8,FALSE,7.4
"Province","Ituri",NA,"2026-05-28",225,36,121,31,16,FALSE,21.9
"Province","Ituri",NA,"2026-05-29",225,35,0,-1,15.6,FALSE,21.1
"Province","Ituri",NA,"2026-05-30",225,35,0,0,15.6,FALSE,19.9
"Province","Ituri",NA,"2026-06-01",228,36,3,1,15.8,FALSE,20
"Province","Ituri",NA,"2026-06-02",247,38,19,2,15.4,FALSE,22.7
"Province","Ituri",NA,"2026-06-03",259,39,12,1,15.1,FALSE,22.3
"Province","Ituri",NA,"2026-06-04",330,56,71,17,17,FALSE,32.3
"Province","Ituri",NA,"2026-06-05",366,60,36,4,16.4,FALSE,20.1
"Province","Ituri",NA,"2026-06-06",393,64,27,4,16.3,FALSE,24
"Province","Ituri",NA,"2026-06-07",424,70,31,6,16.5,FALSE,28.4
"Province","Ituri",NA,"2026-06-08",469,82,45,12,17.5,FALSE,34.4
"Province","Ituri",NA,"2026-06-09",506,94,37,12,18.6,FALSE,37
"Province","Ituri",NA,"2026-06-10",535,99,29,5,18.5,FALSE,39.4
"Province","Ituri",NA,"2026-06-11",552,104,17,5,18.8,FALSE,31.7
"Province","Ituri",NA,"2026-06-13",622,135,70,31,21.7,FALSE,36.6
"Province","Ituri",NA,"2026-06-14",643,142,21,7,22.1,FALSE,35.7
"Province","Ituri",NA,"2026-06-15",705,146,62,4,20.7,FALSE,40.1
"Province","Ituri",NA,"2026-06-16",704,NA,-1,NA,NA,TRUE,33.7
"Province","Ituri",NA,"2026-06-17",799,185,95,NA,23.2,FALSE,42
"Province","Ituri",NA,"2026-06-18",834,197,35,12,23.6,FALSE,42.9
"Province","Ituri",NA,"2026-06-19",855,199,21,2,23.3,FALSE,43.4
"Province","Ituri",NA,"2026-06-20",897,203,42,4,22.6,FALSE,39.4
"Province","Ituri",NA,"2026-06-21",934,213,37,10,22.8,FALSE,41.7
"Province","Ituri",NA,"2026-06-22",977,223,43,10,22.8,FALSE,39
"Province","Ituri",NA,"2026-06-23",997,234,20,11,23.5,FALSE,41.9
"Province","Ituri",NA,"2026-06-24",1031,246,34,12,23.9,FALSE,33.1
"Province","Ituri",NA,"2026-06-25",1073,259,42,13,24.1,FALSE,34.1
"Province","Ituri",NA,"2026-06-29",1182,327,109,68,27.7,FALSE,46.7
"Province","Ituri",NA,"2026-06-30",1248,356,66,29,28.5,FALSE,50.1
"Province","Ituri",NA,"2026-07-01",1298,370,50,14,28.5,FALSE,52
"Province","Ituri",NA,"2026-07-02",1329,387,31,17,29.1,FALSE,50.3
"Province","Ituri",NA,"2026-07-03",1350,401,21,14,29.7,FALSE,50.4
"Province","Ituri",NA,"2026-07-04",1380,414,30,13,30,FALSE,49.9
"Province","Ituri",NA,"2026-07-05",1432,429,52,15,30,FALSE,51.3
"Province","Ituri",NA,"2026-07-06",1496,472,64,43,31.6,FALSE,44.9
"Province","Ituri",NA,"2026-07-07",1539,491,43,19,31.9,FALSE,41.6
"Province","Ituri",NA,"2026-07-08",1569,515,30,24,32.8,FALSE,38.7
"Province","Ituri",NA,"2026-07-09",1601,533,32,18,33.3,FALSE,38.9
"Province","Ituri",NA,"2026-07-10",1639,556,38,23,33.9,FALSE,41.3
"Province","Ituri",NA,"2026-07-11",1673,580,34,24,34.7,FALSE,41.9
"Province","Ituri",NA,"2026-07-13",1738,615,65,35,35.4,FALSE,43.7
"Province","Ituri",NA,"2026-07-15",1826,673,88,58,36.9,FALSE,47.1
"Province","Ituri",NA,"2026-07-17",1935,723,109,50,37.4,FALSE,56.6
"Province","Ituri",NA,"2026-07-18",2000,751,65,28,37.5,FALSE,61.6
"Province","Ituri",NA,"2026-07-19",2057,785,57,34,38.2,FALSE,65.1
"Province","Ituri",NA,"2026-07-20",2092,810,35,25,38.7,FALSE,64.7
"Province","Ituri",NA,"2026-07-22",2475,1018,383,208,41.1,FALSE,114.6
"Province","Ituri",NA,"2026-07-23",2525,1046,50,28,41.4,FALSE,112.4
"Province","Nord-Kivu",NA,"2026-05-18",3,NA,NA,NA,NA,FALSE,NA
"Province","Nord-Kivu",NA,"2026-05-19",3,NA,0,NA,NA,FALSE,NA
"Province","Nord-Kivu",NA,"2026-05-20",3,NA,0,NA,NA,FALSE,NA
"Province","Nord-Kivu",NA,"2026-05-21",4,0,1,NA,0,FALSE,NA
"Province","Nord-Kivu",NA,"2026-05-22",3,0,-1,0,0,TRUE,NA
"Province","Nord-Kivu",NA,"2026-05-23",6,0,3,0,0,FALSE,NA
"Province","Nord-Kivu",NA,"2026-05-24",10,0,4,0,0,FALSE,NA
"Province","Nord-Kivu",NA,"2026-05-25",11,0,1,0,0,FALSE,1.3
"Province","Nord-Kivu",NA,"2026-05-26",7,0,-4,0,0,TRUE,1.3
"Province","Nord-Kivu",NA,"2026-05-27",14,0,7,0,0,FALSE,2.3
"Province","Nord-Kivu",NA,"2026-05-28",15,6,1,6,40,FALSE,2.3
"Province","Nord-Kivu",NA,"2026-05-29",15,6,0,0,40,FALSE,2.3
"Province","Nord-Kivu",NA,"2026-05-30",15,6,0,0,40,FALSE,1.9
"Province","Nord-Kivu",NA,"2026-06-01",19,13,4,7,68.4,FALSE,1.9
"Province","Nord-Kivu",NA,"2026-06-02",19,13,0,0,68.4,FALSE,1.7
"Province","Nord-Kivu",NA,"2026-06-03",19,13,0,0,68.4,FALSE,1.7
"Province","Nord-Kivu",NA,"2026-06-04",25,15,6,2,60,FALSE,1.6
"Province","Nord-Kivu",NA,"2026-06-05",25,15,0,0,60,FALSE,1.4
"Province","Nord-Kivu",NA,"2026-06-06",25,16,0,1,64,FALSE,1.4
"Province","Nord-Kivu",NA,"2026-06-07",29,20,4,4,69,FALSE,2
"Province","Nord-Kivu",NA,"2026-06-08",32,22,3,2,68.8,FALSE,1.9
"Province","Nord-Kivu",NA,"2026-06-09",32,22,0,0,68.8,FALSE,1.9
"Province","Nord-Kivu",NA,"2026-06-10",44,26,12,4,59.1,FALSE,3.6
"Province","Nord-Kivu",NA,"2026-06-11",40,27,-4,1,67.5,TRUE,2.7
"Province","Nord-Kivu",NA,"2026-06-13",62,34,22,7,54.8,FALSE,5.9
"Province","Nord-Kivu",NA,"2026-06-14",67,38,5,4,56.7,FALSE,6.6
"Province","Nord-Kivu",NA,"2026-06-15",67,38,0,0,56.7,FALSE,6
"Province","Nord-Kivu",NA,"2026-06-16",72,NA,5,NA,NA,FALSE,6.3
"Province","Nord-Kivu",NA,"2026-06-17",75,44,3,NA,58.7,FALSE,6.7
"Province","Nord-Kivu",NA,"2026-06-18",76,44,1,0,57.9,FALSE,5.1
"Province","Nord-Kivu",NA,"2026-06-19",78,44,2,0,56.4,FALSE,5.4
"Province","Nord-Kivu",NA,"2026-06-20",83,47,5,3,56.6,FALSE,3
"Province","Nord-Kivu",NA,"2026-06-21",89,49,6,2,55.1,FALSE,3.1
"Province","Nord-Kivu",NA,"2026-06-22",92,49,3,0,53.3,FALSE,3.6
"Province","Nord-Kivu",NA,"2026-06-23",93,50,1,1,53.8,FALSE,3
"Province","Nord-Kivu",NA,"2026-06-24",96,51,3,1,53.1,FALSE,3
"Province","Nord-Kivu",NA,"2026-06-25",102,55,6,4,53.9,FALSE,3.7
"Province","Nord-Kivu",NA,"2026-06-29",113,61,11,6,54,FALSE,5
"Province","Nord-Kivu",NA,"2026-06-30",117,69,4,8,59,FALSE,4.9
"Province","Nord-Kivu",NA,"2026-07-01",121,69,4,0,57,FALSE,4.6
"Province","Nord-Kivu",NA,"2026-07-02",130,73,9,4,56.2,FALSE,5.4
"Province","Nord-Kivu",NA,"2026-07-03",134,78,4,5,58.2,FALSE,5.9
"Province","Nord-Kivu",NA,"2026-07-04",135,79,1,1,58.5,FALSE,5.6
"Province","Nord-Kivu",NA,"2026-07-05",136,79,1,0,58.1,FALSE,4.9
"Province","Nord-Kivu",NA,"2026-07-06",141,86,5,7,61,FALSE,4
"Province","Nord-Kivu",NA,"2026-07-07",147,86,6,0,58.5,FALSE,4.3
"Province","Nord-Kivu",NA,"2026-07-08",147,86,0,0,58.5,FALSE,3.7
"Province","Nord-Kivu",NA,"2026-07-09",155,92,8,6,59.4,FALSE,3.6
"Province","Nord-Kivu",NA,"2026-07-10",156,92,1,0,59,FALSE,3.1
"Province","Nord-Kivu",NA,"2026-07-11",163,95,7,3,58.3,FALSE,4
"Province","Nord-Kivu",NA,"2026-07-13",171,104,8,9,60.8,FALSE,5
"Province","Nord-Kivu",NA,"2026-07-15",185,115,14,11,62.2,FALSE,6.3
"Province","Nord-Kivu",NA,"2026-07-17",200,127,15,12,63.5,FALSE,7.6
"Province","Nord-Kivu",NA,"2026-07-18",212,134,12,7,63.2,FALSE,9.3
"Province","Nord-Kivu",NA,"2026-07-19",220,136,8,2,61.8,FALSE,9.3
"Province","Nord-Kivu",NA,"2026-07-20",228,141,8,5,61.8,FALSE,10.3
"Province","Nord-Kivu",NA,"2026-07-22",249,159,21,18,63.9,FALSE,12.3
"Province","Nord-Kivu",NA,"2026-07-23",263,169,14,10,64.3,FALSE,13.1
"Province","Sud-Kivu",NA,"2026-07-11",3,1,NA,NA,33.3,FALSE,NA
"Province","Sud-Kivu",NA,"2026-07-13",3,1,0,0,33.3,FALSE,NA
"Province","Sud-Kivu",NA,"2026-07-15",3,1,0,0,33.3,FALSE,NA
"Province","Sud-Kivu",NA,"2026-07-17",3,1,0,0,33.3,FALSE,NA
"Province","Sud-Kivu",NA,"2026-07-18",3,1,0,0,33.3,FALSE,NA
"Province","Sud-Kivu",NA,"2026-07-19",3,1,0,0,33.3,FALSE,NA
"Province","Sud-Kivu",NA,"2026-07-20",3,1,0,0,33.3,FALSE,NA
"Province","Sud-Kivu",NA,"2026-07-22",3,1,0,0,33.3,FALSE,0
"Province","Sud-Kivu",NA,"2026-07-23",3,1,0,0,33.3,FALSE,0
"Zone","Ituri","Aru","2026-05-22",1,NA,NA,NA,NA,FALSE,NA
"Zone","Ituri","Aru","2026-05-23",1,NA,0,NA,NA,FALSE,NA
"Zone","Ituri","Aru","2026-05-24",1,NA,0,NA,NA,FALSE,NA
"Zone","Ituri","Aru","2026-05-25",1,NA,0,NA,NA,FALSE,NA
"Zone","Ituri","Aru","2026-05-26",1,NA,0,NA,NA,FALSE,NA
"Zone","Ituri","Aru","2026-05-27",1,NA,0,NA,NA,FALSE,NA
"Zone","Ituri","Aru","2026-05-28",2,1,1,NA,50,FALSE,NA
"Zone","Ituri","Aru","2026-05-29",2,1,0,0,50,FALSE,0.1
"Zone","Ituri","Aru","2026-05-30",2,1,0,0,50,FALSE,0.1
"Zone","Ituri","Aru","2026-06-01",2,1,0,0,50,FALSE,0.1
"Zone","Ituri","Aru","2026-06-02",2,1,0,0,50,FALSE,0.1
"Zone","Ituri","Aru","2026-06-03",2,1,0,0,50,FALSE,0.1
"Zone","Ituri","Aru","2026-06-04",3,1,1,0,33.3,FALSE,0.3
"Zone","Ituri","Aru","2026-06-05",3,1,0,0,33.3,FALSE,0.1
"Zone","Ituri","Aru","2026-06-06",3,1,0,0,33.3,FALSE,0.1
"Zone","Ituri","Aru","2026-06-07",3,1,0,0,33.3,FALSE,0.1
"Zone","Ituri","Aru","2026-06-08",3,1,0,0,33.3,FALSE,0.1
"Zone","Ituri","Aru","2026-06-09",3,1,0,0,33.3,FALSE,0.1
"Zone","Ituri","Aru","2026-06-10",3,1,0,0,33.3,FALSE,0.1
"Zone","Ituri","Aru","2026-06-11",3,1,0,0,33.3,FALSE,0
"Zone","Ituri","Aru","2026-06-13",3,1,0,0,33.3,FALSE,0
"Zone","Ituri","Aru","2026-06-14",3,1,0,0,33.3,FALSE,0
"Zone","Ituri","Aru","2026-06-15",3,1,0,0,33.3,FALSE,0
"Zone","Ituri","Aru","2026-06-16",3,NA,0,NA,NA,FALSE,0
"Zone","Ituri","Aru","2026-06-17",3,1,0,NA,33.3,FALSE,0
"Zone","Ituri","Aru","2026-06-18",3,1,0,0,33.3,FALSE,0
"Zone","Ituri","Aru","2026-06-19",3,1,0,0,33.3,FALSE,0
"Zone","Ituri","Aru","2026-06-20",3,1,0,0,33.3,FALSE,0
"Zone","Ituri","Aru","2026-06-21",3,1,0,0,33.3,FALSE,0
"Zone","Ituri","Aru","2026-06-22",3,1,0,0,33.3,FALSE,0
"Zone","Ituri","Aru","2026-06-23",3,1,0,0,33.3,FALSE,0
"Zone","Ituri","Aru","2026-06-24",3,1,0,0,33.3,FALSE,0
"Zone","Ituri","Aru","2026-06-25",3,1,0,0,33.3,FALSE,0
"Zone","Ituri","Aru","2026-06-29",3,1,0,0,33.3,FALSE,0
"Zone","Ituri","Aru","2026-06-30",3,1,0,0,33.3,FALSE,0
"Zone","Ituri","Aru","2026-07-01",3,1,0,0,33.3,FALSE,0
"Zone","Ituri","Aru","2026-07-02",3,1,0,0,33.3,FALSE,0
"Zone","Ituri","Aru","2026-07-03",3,1,0,0,33.3,FALSE,0
"Zone","Ituri","Aru","2026-07-04",3,1,0,0,33.3,FALSE,0
"Zone","Ituri","Aru","2026-07-05",3,1,0,0,33.3,FALSE,0
"Zone","Ituri","Aru","2026-07-06",3,1,0,0,33.3,FALSE,0
"Zone","Ituri","Aru","2026-07-07",3,1,0,0,33.3,FALSE,0
"Zone","Ituri","Aru","2026-07-08",3,1,0,0,33.3,FALSE,0
"Zone","Ituri","Aru","2026-07-09",3,1,0,0,33.3,FALSE,0
"Zone","Ituri","Aru","2026-07-10",3,1,0,0,33.3,FALSE,0
"Zone","Ituri","Aru","2026-07-11",3,1,0,0,33.3,FALSE,0
"Zone","Ituri","Aru","2026-07-13",3,1,0,0,33.3,FALSE,0
"Zone","Ituri","Aru","2026-07-15",3,1,0,0,33.3,FALSE,0
"Zone","Ituri","Aru","2026-07-17",4,1,1,0,25,FALSE,0.1
"Zone","Ituri","Aru","2026-07-18",4,1,0,0,25,FALSE,0.1
"Zone","Ituri","Aru","2026-07-19",4,1,0,0,25,FALSE,0.1
"Zone","Ituri","Aru","2026-07-20",4,2,0,1,50,FALSE,0.1
"Zone","Ituri","Aru","2026-07-22",5,1,1,-1,20,FALSE,0.3
"Zone","Ituri","Aru","2026-07-23",5,1,0,0,20,FALSE,0.3
"Zone","Ituri","Aungba","2026-05-28",1,0,NA,NA,0,FALSE,NA
"Zone","Ituri","Aungba","2026-05-29",1,0,0,0,0,FALSE,NA
"Zone","Ituri","Aungba","2026-05-30",1,0,0,0,0,FALSE,NA
"Zone","Ituri","Aungba","2026-06-01",1,0,0,0,0,FALSE,NA
"Zone","Ituri","Aungba","2026-06-02",1,0,0,0,0,FALSE,NA
"Zone","Ituri","Aungba","2026-06-03",1,0,0,0,0,FALSE,NA
"Zone","Ituri","Aungba","2026-06-04",1,0,0,0,0,FALSE,NA
"Zone","Ituri","Aungba","2026-06-05",1,0,0,0,0,FALSE,0
"Zone","Ituri","Aungba","2026-06-06",1,0,0,0,0,FALSE,0
"Zone","Ituri","Aungba","2026-06-07",1,0,0,0,0,FALSE,0
"Zone","Ituri","Aungba","2026-06-08",2,1,1,1,50,FALSE,0.1
"Zone","Ituri","Aungba","2026-06-09",2,1,0,0,50,FALSE,0.1
"Zone","Ituri","Aungba","2026-06-10",2,1,0,0,50,FALSE,0.1
"Zone","Ituri","Aungba","2026-06-11",2,1,0,0,50,FALSE,0.1
"Zone","Ituri","Aungba","2026-06-13",2,1,0,0,50,FALSE,0.1
"Zone","Ituri","Aungba","2026-06-14",2,1,0,0,50,FALSE,0.1
"Zone","Ituri","Aungba","2026-06-15",2,1,0,0,50,FALSE,0.1
"Zone","Ituri","Aungba","2026-06-16",2,NA,0,NA,NA,FALSE,0
"Zone","Ituri","Aungba","2026-06-17",4,1,2,NA,25,FALSE,0.3
"Zone","Ituri","Aungba","2026-06-18",6,2,2,1,33.3,FALSE,0.6
"Zone","Ituri","Aungba","2026-06-19",6,2,0,0,33.3,FALSE,0.6
"Zone","Ituri","Aungba","2026-06-20",6,2,0,0,33.3,FALSE,0.6
"Zone","Ituri","Aungba","2026-06-21",6,2,0,0,33.3,FALSE,0.6
"Zone","Ituri","Aungba","2026-06-22",6,2,0,0,33.3,FALSE,0.6
"Zone","Ituri","Aungba","2026-06-23",6,2,0,0,33.3,FALSE,0.6
"Zone","Ituri","Aungba","2026-06-24",6,2,0,0,33.3,FALSE,0.3
"Zone","Ituri","Aungba","2026-06-25",6,2,0,0,33.3,FALSE,0
"Zone","Ituri","Aungba","2026-06-29",6,2,0,0,33.3,FALSE,0
"Zone","Ituri","Aungba","2026-06-30",6,2,0,0,33.3,FALSE,0
"Zone","Ituri","Aungba","2026-07-01",6,2,0,0,33.3,FALSE,0
"Zone","Ituri","Aungba","2026-07-02",6,2,0,0,33.3,FALSE,0
"Zone","Ituri","Aungba","2026-07-03",6,2,0,0,33.3,FALSE,0
"Zone","Ituri","Aungba","2026-07-04",6,2,0,0,33.3,FALSE,0
"Zone","Ituri","Aungba","2026-07-05",6,2,0,0,33.3,FALSE,0
"Zone","Ituri","Aungba","2026-07-06",6,2,0,0,33.3,FALSE,0
"Zone","Ituri","Aungba","2026-07-07",6,2,0,0,33.3,FALSE,0
"Zone","Ituri","Aungba","2026-07-08",6,2,0,0,33.3,FALSE,0
"Zone","Ituri","Aungba","2026-07-09",6,2,0,0,33.3,FALSE,0
"Zone","Ituri","Aungba","2026-07-10",6,2,0,0,33.3,FALSE,0
"Zone","Ituri","Aungba","2026-07-11",6,2,0,0,33.3,FALSE,0
"Zone","Ituri","Aungba","2026-07-13",6,2,0,0,33.3,FALSE,0
"Zone","Ituri","Aungba","2026-07-15",6,2,0,0,33.3,FALSE,0
"Zone","Ituri","Aungba","2026-07-17",6,2,0,0,33.3,FALSE,0
"Zone","Ituri","Aungba","2026-07-18",6,2,0,0,33.3,FALSE,0
"Zone","Ituri","Aungba","2026-07-19",6,2,0,0,33.3,FALSE,0
"Zone","Ituri","Aungba","2026-07-20",6,2,0,0,33.3,FALSE,0
"Zone","Ituri","Aungba","2026-07-22",4,4,-2,2,100,TRUE,0
"Zone","Ituri","Aungba","2026-07-23",4,4,0,0,100,FALSE,0
"Zone","Ituri","Bambu","2026-05-20",1,NA,NA,NA,NA,FALSE,NA
"Zone","Ituri","Bambu","2026-05-21",1,0,0,NA,0,FALSE,NA
"Zone","Ituri","Bambu","2026-05-22",1,0,0,0,0,FALSE,NA
"Zone","Ituri","Bambu","2026-05-23",0,0,-1,0,NA,TRUE,NA
"Zone","Ituri","Bambu","2026-05-24",2,0,2,0,0,FALSE,NA
"Zone","Ituri","Bambu","2026-05-25",0,NA,-2,NA,NA,TRUE,NA
"Zone","Ituri","Bambu","2026-05-26",0,0,0,NA,NA,FALSE,NA
"Zone","Ituri","Bambu","2026-05-27",0,0,0,0,NA,FALSE,0.3
"Zone","Ituri","Bambu","2026-05-28",2,2,2,2,100,FALSE,0.6
"Zone","Ituri","Bambu","2026-05-29",2,2,0,0,100,FALSE,0.6
"Zone","Ituri","Bambu","2026-05-30",2,2,0,0,100,FALSE,0.6
"Zone","Ituri","Bambu","2026-06-01",2,2,0,0,100,FALSE,0.3
"Zone","Ituri","Bambu","2026-06-02",2,2,0,0,100,FALSE,0.3
"Zone","Ituri","Bambu","2026-06-03",2,2,0,0,100,FALSE,0.3
"Zone","Ituri","Bambu","2026-06-04",5,2,3,0,40,FALSE,0.7
"Zone","Ituri","Bambu","2026-06-05",5,2,0,0,40,FALSE,0.4
"Zone","Ituri","Bambu","2026-06-06",5,2,0,0,40,FALSE,0.4
"Zone","Ituri","Bambu","2026-06-07",5,2,0,0,40,FALSE,0.4
"Zone","Ituri","Bambu","2026-06-08",5,2,0,0,40,FALSE,0.4
"Zone","Ituri","Bambu","2026-06-09",5,2,0,0,40,FALSE,0.4
"Zone","Ituri","Bambu","2026-06-10",7,2,2,0,28.6,FALSE,0.7
"Zone","Ituri","Bambu","2026-06-11",7,2,0,0,28.6,FALSE,0.3
"Zone","Ituri","Bambu","2026-06-13",7,2,0,0,28.6,FALSE,0.3
"Zone","Ituri","Bambu","2026-06-14",7,2,0,0,28.6,FALSE,0.3
"Zone","Ituri","Bambu","2026-06-15",7,2,0,0,28.6,FALSE,0.3
"Zone","Ituri","Bambu","2026-06-16",7,NA,0,NA,NA,FALSE,0.3
"Zone","Ituri","Bambu","2026-06-17",9,2,2,NA,22.2,FALSE,0.6
"Zone","Ituri","Bambu","2026-06-18",9,2,0,0,22.2,FALSE,0.3
"Zone","Ituri","Bambu","2026-06-19",9,2,0,0,22.2,FALSE,0.3
"Zone","Ituri","Bambu","2026-06-20",14,2,5,0,14.3,FALSE,1
"Zone","Ituri","Bambu","2026-06-21",14,2,0,0,14.3,FALSE,1
"Zone","Ituri","Bambu","2026-06-22",14,2,0,0,14.3,FALSE,1
"Zone","Ituri","Bambu","2026-06-23",14,2,0,0,14.3,FALSE,1
"Zone","Ituri","Bambu","2026-06-24",14,2,0,0,14.3,FALSE,0.7
"Zone","Ituri","Bambu","2026-06-25",14,3,0,1,21.4,FALSE,0.7
"Zone","Ituri","Bambu","2026-06-29",16,4,2,1,25,FALSE,1
"Zone","Ituri","Bambu","2026-06-30",16,5,0,1,31.2,FALSE,0.3
"Zone","Ituri","Bambu","2026-07-01",16,5,0,0,31.2,FALSE,0.3
"Zone","Ituri","Bambu","2026-07-02",18,5,2,0,27.8,FALSE,0.6
"Zone","Ituri","Bambu","2026-07-03",18,5,0,0,27.8,FALSE,0.6
"Zone","Ituri","Bambu","2026-07-04",18,5,0,0,27.8,FALSE,0.6
"Zone","Ituri","Bambu","2026-07-05",25,6,7,1,24,FALSE,1.6
"Zone","Ituri","Bambu","2026-07-06",28,9,3,3,32.1,FALSE,1.7
"Zone","Ituri","Bambu","2026-07-07",28,9,0,0,32.1,FALSE,1.7
"Zone","Ituri","Bambu","2026-07-08",29,10,1,1,34.5,FALSE,1.9
"Zone","Ituri","Bambu","2026-07-09",29,10,0,0,34.5,FALSE,1.6
"Zone","Ituri","Bambu","2026-07-10",31,10,2,0,32.3,FALSE,1.9
"Zone","Ituri","Bambu","2026-07-11",31,10,0,0,32.3,FALSE,1.9
"Zone","Ituri","Bambu","2026-07-13",31,10,0,0,32.3,FALSE,0.9
"Zone","Ituri","Bambu","2026-07-15",31,11,0,1,35.5,FALSE,0.4
"Zone","Ituri","Bambu","2026-07-17",36,12,5,1,33.3,FALSE,1.1
"Zone","Ituri","Bambu","2026-07-18",36,12,0,0,33.3,FALSE,1
"Zone","Ituri","Bambu","2026-07-19",40,14,4,2,35,FALSE,1.6
"Zone","Ituri","Bambu","2026-07-20",40,14,0,0,35,FALSE,1.3
"Zone","Ituri","Bambu","2026-07-22",51,9,11,-5,17.6,FALSE,2.9
"Zone","Ituri","Bambu","2026-07-23",51,10,0,1,19.6,FALSE,2.9
"Zone","Ituri","Bunia","2026-05-15",0,NA,NA,NA,NA,FALSE,NA
"Zone","Ituri","Bunia","2026-05-18",6,NA,6,NA,NA,FALSE,NA
"Zone","Ituri","Bunia","2026-05-19",6,0,0,NA,0,FALSE,NA
"Zone","Ituri","Bunia","2026-05-20",11,0,5,0,0,FALSE,NA
"Zone","Ituri","Bunia","2026-05-21",15,1,4,1,6.7,FALSE,NA
"Zone","Ituri","Bunia","2026-05-22",23,2,8,1,8.7,FALSE,NA
"Zone","Ituri","Bunia","2026-05-23",24,2,1,0,8.3,FALSE,NA
"Zone","Ituri","Bunia","2026-05-24",24,2,0,0,8.3,FALSE,3.4
"Zone","Ituri","Bunia","2026-05-25",24,2,0,0,8.3,FALSE,2.6
"Zone","Ituri","Bunia","2026-05-26",36,2,12,0,5.6,FALSE,4.3
"Zone","Ituri","Bunia","2026-05-27",37,2,1,0,5.4,FALSE,3.7
"Zone","Ituri","Bunia","2026-05-28",80,8,43,6,10,FALSE,9.3
"Zone","Ituri","Bunia","2026-05-29",80,8,0,0,10,FALSE,8.1
"Zone","Ituri","Bunia","2026-05-30",80,8,0,0,10,FALSE,8
"Zone","Ituri","Bunia","2026-06-01",80,8,0,0,10,FALSE,8
"Zone","Ituri","Bunia","2026-06-02",85,8,5,0,9.4,FALSE,8.7
"Zone","Ituri","Bunia","2026-06-03",97,9,12,1,9.3,FALSE,8.7
"Zone","Ituri","Bunia","2026-06-04",123,11,26,2,8.9,FALSE,12.3
"Zone","Ituri","Bunia","2026-06-05",138,14,15,3,10.1,FALSE,8.3
"Zone","Ituri","Bunia","2026-06-06",142,14,4,0,9.9,FALSE,8.9
"Zone","Ituri","Bunia","2026-06-07",152,15,10,1,9.9,FALSE,10.3
"Zone","Ituri","Bunia","2026-06-08",163,15,11,0,9.2,FALSE,11.9
"Zone","Ituri","Bunia","2026-06-09",173,15,10,0,8.7,FALSE,12.6
"Zone","Ituri","Bunia","2026-06-10",185,17,12,2,9.2,FALSE,12.6
"Zone","Ituri","Bunia","2026-06-11",191,17,6,0,8.9,FALSE,9.7
"Zone","Ituri","Bunia","2026-06-13",212,20,21,3,9.4,FALSE,10.6
"Zone","Ituri","Bunia","2026-06-14",215,20,3,0,9.3,FALSE,10.4
"Zone","Ituri","Bunia","2026-06-15",215,20,0,0,9.3,FALSE,9
"Zone","Ituri","Bunia","2026-06-16",226,NA,11,NA,NA,FALSE,9
"Zone","Ituri","Bunia","2026-06-17",247,41,21,NA,16.6,FALSE,10.6
"Zone","Ituri","Bunia","2026-06-18",253,42,6,1,16.6,FALSE,9.7
"Zone","Ituri","Bunia","2026-06-19",259,42,6,0,16.2,FALSE,9.7
"Zone","Ituri","Bunia","2026-06-20",275,44,16,2,16,FALSE,9
"Zone","Ituri","Bunia","2026-06-21",285,45,10,1,15.8,FALSE,10
"Zone","Ituri","Bunia","2026-06-22",296,48,11,3,16.2,FALSE,11.6
"Zone","Ituri","Bunia","2026-06-23",304,54,8,6,17.8,FALSE,11.1
"Zone","Ituri","Bunia","2026-06-24",314,60,10,6,19.1,FALSE,9.6
"Zone","Ituri","Bunia","2026-06-25",323,64,9,4,19.8,FALSE,10
"Zone","Ituri","Bunia","2026-06-29",358,82,35,18,22.9,FALSE,14.1
"Zone","Ituri","Bunia","2026-06-30",387,94,29,12,24.3,FALSE,16
"Zone","Ituri","Bunia","2026-07-01",416,103,29,9,24.8,FALSE,18.7
"Zone","Ituri","Bunia","2026-07-02",426,106,10,3,24.9,FALSE,18.6
"Zone","Ituri","Bunia","2026-07-03",431,112,5,6,26,FALSE,18.1
"Zone","Ituri","Bunia","2026-07-04",438,118,7,6,26.9,FALSE,17.7
"Zone","Ituri","Bunia","2026-07-05",452,121,14,3,26.8,FALSE,18.4
"Zone","Ituri","Bunia","2026-07-06",472,134,20,13,28.4,FALSE,16.3
"Zone","Ituri","Bunia","2026-07-07",483,137,11,3,28.4,FALSE,13.7
"Zone","Ituri","Bunia","2026-07-08",487,141,4,4,29,FALSE,10.1
"Zone","Ituri","Bunia","2026-07-09",495,149,8,8,30.1,FALSE,9.9
"Zone","Ituri","Bunia","2026-07-10",503,156,8,7,31,FALSE,10.3
"Zone","Ituri","Bunia","2026-07-11",507,160,4,4,31.6,FALSE,9.9
"Zone","Ituri","Bunia","2026-07-13",534,172,27,12,32.2,FALSE,11.7
"Zone","Ituri","Bunia","2026-07-15",570,191,36,19,33.5,FALSE,14
"Zone","Ituri","Bunia","2026-07-17",606,197,36,6,32.5,FALSE,17.6
"Zone","Ituri","Bunia","2026-07-18",621,202,15,5,32.5,FALSE,19.1
"Zone","Ituri","Bunia","2026-07-19",639,211,18,9,33,FALSE,20.6
"Zone","Ituri","Bunia","2026-07-20",657,219,18,8,33.3,FALSE,22
"Zone","Ituri","Bunia","2026-07-22",696,175,39,-44,25.1,FALSE,27
"Zone","Ituri","Bunia","2026-07-23",713,185,17,10,25.9,FALSE,25.6
"Zone","Ituri","Damas","2026-05-26",0,NA,NA,NA,NA,FALSE,NA
"Zone","Ituri","Damas","2026-05-27",0,NA,0,NA,NA,FALSE,NA
"Zone","Ituri","Damas","2026-05-28",1,0,1,NA,0,FALSE,NA
"Zone","Ituri","Damas","2026-05-29",1,0,0,0,0,FALSE,NA
"Zone","Ituri","Damas","2026-05-30",1,0,0,0,0,FALSE,NA
"Zone","Ituri","Damas","2026-06-01",1,0,0,0,0,FALSE,NA
"Zone","Ituri","Damas","2026-06-02",2,0,1,0,0,FALSE,NA
"Zone","Ituri","Damas","2026-06-03",3,0,1,0,0,FALSE,0.4
"Zone","Ituri","Damas","2026-06-04",3,0,0,0,0,FALSE,0.4
"Zone","Ituri","Damas","2026-06-05",3,0,0,0,0,FALSE,0.3
"Zone","Ituri","Damas","2026-06-06",3,0,0,0,0,FALSE,0.3
"Zone","Ituri","Damas","2026-06-07",3,0,0,0,0,FALSE,0.3
"Zone","Ituri","Damas","2026-06-08",3,0,0,0,0,FALSE,0.3
"Zone","Ituri","Damas","2026-06-09",3,0,0,0,0,FALSE,0.1
"Zone","Ituri","Damas","2026-06-10",3,0,0,0,0,FALSE,0
"Zone","Ituri","Damas","2026-06-11",3,0,0,0,0,FALSE,0
"Zone","Ituri","Damas","2026-06-13",4,0,1,0,0,FALSE,0.1
"Zone","Ituri","Damas","2026-06-14",4,0,0,0,0,FALSE,0.1
"Zone","Ituri","Damas","2026-06-15",4,0,0,0,0,FALSE,0.1
"Zone","Ituri","Damas","2026-06-16",4,NA,0,NA,NA,FALSE,0.1
"Zone","Ituri","Damas","2026-06-17",4,0,0,NA,0,FALSE,0.1
"Zone","Ituri","Damas","2026-06-18",4,0,0,0,0,FALSE,0.1
"Zone","Ituri","Damas","2026-06-19",4,0,0,0,0,FALSE,0.1
"Zone","Ituri","Damas","2026-06-20",4,0,0,0,0,FALSE,0
"Zone","Ituri","Damas","2026-06-21",4,0,0,0,0,FALSE,0
"Zone","Ituri","Damas","2026-06-22",4,0,0,0,0,FALSE,0
"Zone","Ituri","Damas","2026-06-23",4,0,0,0,0,FALSE,0
"Zone","Ituri","Damas","2026-06-24",4,0,0,0,0,FALSE,0
"Zone","Ituri","Damas","2026-06-25",4,0,0,0,0,FALSE,0
"Zone","Ituri","Damas","2026-06-29",5,0,1,0,0,FALSE,0.1
"Zone","Ituri","Damas","2026-06-30",5,0,0,0,0,FALSE,0.1
"Zone","Ituri","Damas","2026-07-01",5,0,0,0,0,FALSE,0.1
"Zone","Ituri","Damas","2026-07-02",5,0,0,0,0,FALSE,0.1
"Zone","Ituri","Damas","2026-07-03",5,0,0,0,0,FALSE,0.1
"Zone","Ituri","Damas","2026-07-04",5,0,0,0,0,FALSE,0.1
"Zone","Ituri","Damas","2026-07-05",5,0,0,0,0,FALSE,0.1
"Zone","Ituri","Damas","2026-07-06",5,0,0,0,0,FALSE,0
"Zone","Ituri","Damas","2026-07-07",5,0,0,0,0,FALSE,0
"Zone","Ituri","Damas","2026-07-08",5,0,0,0,0,FALSE,0
"Zone","Ituri","Damas","2026-07-09",5,0,0,0,0,FALSE,0
"Zone","Ituri","Damas","2026-07-10",5,0,0,0,0,FALSE,0
"Zone","Ituri","Damas","2026-07-11",5,0,0,0,0,FALSE,0
"Zone","Ituri","Damas","2026-07-13",5,0,0,0,0,FALSE,0
"Zone","Ituri","Damas","2026-07-15",7,0,2,0,0,FALSE,0.3
"Zone","Ituri","Damas","2026-07-17",7,0,0,0,0,FALSE,0.3
"Zone","Ituri","Damas","2026-07-18",7,0,0,0,0,FALSE,0.3
"Zone","Ituri","Damas","2026-07-19",7,0,0,0,0,FALSE,0.3
"Zone","Ituri","Damas","2026-07-20",7,0,0,0,0,FALSE,0.3
"Zone","Ituri","Damas","2026-07-22",13,8,6,8,61.5,FALSE,1.1
"Zone","Ituri","Damas","2026-07-23",14,8,1,0,57.1,FALSE,1.3
"Zone","Ituri","Fataki","2026-05-26",0,NA,NA,NA,NA,FALSE,NA
"Zone","Ituri","Fataki","2026-05-27",0,NA,0,NA,NA,FALSE,NA
"Zone","Ituri","Fataki","2026-06-16",1,NA,1,NA,NA,FALSE,NA
"Zone","Ituri","Fataki","2026-06-17",1,0,0,NA,0,FALSE,NA
"Zone","Ituri","Fataki","2026-06-18",1,0,0,0,0,FALSE,NA
"Zone","Ituri","Fataki","2026-06-19",1,0,0,0,0,FALSE,NA
"Zone","Ituri","Fataki","2026-06-20",1,0,0,0,0,FALSE,NA
"Zone","Ituri","Fataki","2026-06-21",1,0,0,0,0,FALSE,0.1
"Zone","Ituri","Fataki","2026-06-22",1,0,0,0,0,FALSE,0.1
"Zone","Ituri","Fataki","2026-06-23",1,0,0,0,0,FALSE,0
"Zone","Ituri","Fataki","2026-06-24",1,0,0,0,0,FALSE,0
"Zone","Ituri","Fataki","2026-06-25",1,0,0,0,0,FALSE,0
"Zone","Ituri","Fataki","2026-06-29",1,0,0,0,0,FALSE,0
"Zone","Ituri","Fataki","2026-06-30",1,0,0,0,0,FALSE,0
"Zone","Ituri","Fataki","2026-07-01",1,0,0,0,0,FALSE,0
"Zone","Ituri","Fataki","2026-07-02",1,0,0,0,0,FALSE,0
"Zone","Ituri","Fataki","2026-07-03",1,0,0,0,0,FALSE,0
"Zone","Ituri","Fataki","2026-07-04",1,0,0,0,0,FALSE,0
"Zone","Ituri","Fataki","2026-07-05",2,0,1,0,0,FALSE,0.1
"Zone","Ituri","Fataki","2026-07-06",3,1,1,1,33.3,FALSE,0.3
"Zone","Ituri","Fataki","2026-07-07",4,1,1,0,25,FALSE,0.4
"Zone","Ituri","Fataki","2026-07-08",4,1,0,0,25,FALSE,0.4
"Zone","Ituri","Fataki","2026-07-09",4,1,0,0,25,FALSE,0.4
"Zone","Ituri","Fataki","2026-07-10",4,1,0,0,25,FALSE,0.4
"Zone","Ituri","Fataki","2026-07-11",4,1,0,0,25,FALSE,0.4
"Zone","Ituri","Fataki","2026-07-13",5,4,1,3,80,FALSE,0.4
"Zone","Ituri","Fataki","2026-07-15",6,5,1,1,83.3,FALSE,0.4
"Zone","Ituri","Fataki","2026-07-17",9,6,3,1,66.7,FALSE,0.7
"Zone","Ituri","Fataki","2026-07-18",11,7,2,1,63.6,FALSE,1
"Zone","Ituri","Fataki","2026-07-19",11,7,0,0,63.6,FALSE,1
"Zone","Ituri","Fataki","2026-07-20",11,7,0,0,63.6,FALSE,1
"Zone","Ituri","Fataki","2026-07-22",17,6,6,-1,35.3,FALSE,1.9
"Zone","Ituri","Fataki","2026-07-23",17,6,0,0,35.3,FALSE,1.7
"Zone","Ituri","Gety","2026-05-28",1,0,NA,NA,0,FALSE,NA
"Zone","Ituri","Gety","2026-05-29",1,0,0,0,0,FALSE,NA
"Zone","Ituri","Gety","2026-05-30",1,0,0,0,0,FALSE,NA
"Zone","Ituri","Gety","2026-06-01",1,0,0,0,0,FALSE,NA
"Zone","Ituri","Gety","2026-06-02",1,0,0,0,0,FALSE,NA
"Zone","Ituri","Gety","2026-06-03",1,0,0,0,0,FALSE,NA
"Zone","Ituri","Gety","2026-06-04",1,0,0,0,0,FALSE,NA
"Zone","Ituri","Gety","2026-06-05",1,0,0,0,0,FALSE,0
"Zone","Ituri","Gety","2026-06-06",1,0,0,0,0,FALSE,0
"Zone","Ituri","Gety","2026-06-07",1,0,0,0,0,FALSE,0
"Zone","Ituri","Gety","2026-06-08",1,0,0,0,0,FALSE,0
"Zone","Ituri","Gety","2026-06-09",1,0,0,0,0,FALSE,0
"Zone","Ituri","Gety","2026-06-10",1,0,0,0,0,FALSE,0
"Zone","Ituri","Gety","2026-06-11",1,0,0,0,0,FALSE,0
"Zone","Ituri","Gety","2026-06-13",1,0,0,0,0,FALSE,0
"Zone","Ituri","Gety","2026-06-14",1,0,0,0,0,FALSE,0
"Zone","Ituri","Gety","2026-06-15",1,0,0,0,0,FALSE,0
"Zone","Ituri","Gety","2026-06-16",1,NA,0,NA,NA,FALSE,0
"Zone","Ituri","Gety","2026-06-17",1,0,0,NA,0,FALSE,0
"Zone","Ituri","Gety","2026-06-18",1,0,0,0,0,FALSE,0
"Zone","Ituri","Gety","2026-06-19",1,0,0,0,0,FALSE,0
"Zone","Ituri","Gety","2026-06-20",1,0,0,0,0,FALSE,0
"Zone","Ituri","Gety","2026-06-21",1,0,0,0,0,FALSE,0
"Zone","Ituri","Gety","2026-06-22",1,0,0,0,0,FALSE,0
"Zone","Ituri","Gety","2026-06-23",1,0,0,0,0,FALSE,0
"Zone","Ituri","Gety","2026-06-24",1,0,0,0,0,FALSE,0
"Zone","Ituri","Gety","2026-06-25",1,0,0,0,0,FALSE,0
"Zone","Ituri","Gety","2026-06-29",1,0,0,0,0,FALSE,0
"Zone","Ituri","Gety","2026-06-30",1,0,0,0,0,FALSE,0
"Zone","Ituri","Gety","2026-07-01",1,0,0,0,0,FALSE,0
"Zone","Ituri","Gety","2026-07-02",1,0,0,0,0,FALSE,0
"Zone","Ituri","Gety","2026-07-03",1,0,0,0,0,FALSE,0
"Zone","Ituri","Gety","2026-07-04",1,0,0,0,0,FALSE,0
"Zone","Ituri","Gety","2026-07-05",1,0,0,0,0,FALSE,0
"Zone","Ituri","Gety","2026-07-06",1,0,0,0,0,FALSE,0
"Zone","Ituri","Gety","2026-07-07",1,0,0,0,0,FALSE,0
"Zone","Ituri","Gety","2026-07-08",1,0,0,0,0,FALSE,0
"Zone","Ituri","Gety","2026-07-09",1,0,0,0,0,FALSE,0
"Zone","Ituri","Gety","2026-07-10",1,0,0,0,0,FALSE,0
"Zone","Ituri","Gety","2026-07-11",1,0,0,0,0,FALSE,0
"Zone","Ituri","Gety","2026-07-13",1,0,0,0,0,FALSE,0
"Zone","Ituri","Gety","2026-07-15",1,0,0,0,0,FALSE,0
"Zone","Ituri","Gety","2026-07-17",1,0,0,0,0,FALSE,0
"Zone","Ituri","Gety","2026-07-18",1,0,0,0,0,FALSE,0
"Zone","Ituri","Gety","2026-07-19",1,0,0,0,0,FALSE,0
"Zone","Ituri","Gety","2026-07-20",1,0,0,0,0,FALSE,0
"Zone","Ituri","Gety","2026-07-22",1,0,0,0,0,FALSE,0
"Zone","Ituri","Gety","2026-07-23",1,0,0,0,0,FALSE,0
"Zone","Ituri","Kambala","2026-06-10",1,1,NA,NA,100,FALSE,NA
"Zone","Ituri","Kambala","2026-06-11",1,1,0,0,100,FALSE,NA
"Zone","Ituri","Kambala","2026-06-13",1,1,0,0,100,FALSE,NA
"Zone","Ituri","Kambala","2026-06-14",1,1,0,0,100,FALSE,NA
"Zone","Ituri","Kambala","2026-06-15",1,1,0,0,100,FALSE,NA
"Zone","Ituri","Kambala","2026-06-16",1,NA,0,NA,NA,FALSE,NA
"Zone","Ituri","Kambala","2026-06-17",1,1,0,NA,100,FALSE,NA
"Zone","Ituri","Kambala","2026-06-18",1,1,0,0,100,FALSE,0
"Zone","Ituri","Kambala","2026-06-19",1,1,0,0,100,FALSE,0
"Zone","Ituri","Kambala","2026-06-20",1,1,0,0,100,FALSE,0
"Zone","Ituri","Kambala","2026-06-21",1,1,0,0,100,FALSE,0
"Zone","Ituri","Kambala","2026-06-22",1,1,0,0,100,FALSE,0
"Zone","Ituri","Kambala","2026-06-23",1,1,0,0,100,FALSE,0
"Zone","Ituri","Kambala","2026-06-24",1,1,0,0,100,FALSE,0
"Zone","Ituri","Kambala","2026-06-25",1,1,0,0,100,FALSE,0
"Zone","Ituri","Kambala","2026-06-29",1,1,0,0,100,FALSE,0
"Zone","Ituri","Kambala","2026-06-30",2,2,1,1,100,FALSE,0.1
"Zone","Ituri","Kambala","2026-07-01",2,2,0,0,100,FALSE,0.1
"Zone","Ituri","Kambala","2026-07-02",2,2,0,0,100,FALSE,0.1
"Zone","Ituri","Kambala","2026-07-03",2,2,0,0,100,FALSE,0.1
"Zone","Ituri","Kambala","2026-07-04",2,2,0,0,100,FALSE,0.1
"Zone","Ituri","Kambala","2026-07-05",2,2,0,0,100,FALSE,0.1
"Zone","Ituri","Kambala","2026-07-06",2,2,0,0,100,FALSE,0.1
"Zone","Ituri","Kambala","2026-07-07",2,2,0,0,100,FALSE,0
"Zone","Ituri","Kambala","2026-07-08",2,2,0,0,100,FALSE,0
"Zone","Ituri","Kambala","2026-07-09",2,2,0,0,100,FALSE,0
"Zone","Ituri","Kambala","2026-07-10",2,2,0,0,100,FALSE,0
"Zone","Ituri","Kambala","2026-07-11",2,2,0,0,100,FALSE,0
"Zone","Ituri","Kambala","2026-07-13",2,2,0,0,100,FALSE,0
"Zone","Ituri","Kambala","2026-07-15",2,2,0,0,100,FALSE,0
"Zone","Ituri","Kambala","2026-07-17",2,2,0,0,100,FALSE,0
"Zone","Ituri","Kambala","2026-07-18",2,2,0,0,100,FALSE,0
"Zone","Ituri","Kambala","2026-07-19",2,2,0,0,100,FALSE,0
"Zone","Ituri","Kambala","2026-07-20",2,2,0,0,100,FALSE,0
"Zone","Ituri","Kambala","2026-07-22",2,0,0,-2,0,FALSE,0
"Zone","Ituri","Kambala","2026-07-23",2,0,0,0,0,FALSE,0
"Zone","Ituri","Kilo","2026-05-21",1,0,NA,NA,0,FALSE,NA
"Zone","Ituri","Kilo","2026-05-22",1,0,0,0,0,FALSE,NA
"Zone","Ituri","Kilo","2026-05-23",1,0,0,0,0,FALSE,NA
"Zone","Ituri","Kilo","2026-05-24",1,0,0,0,0,FALSE,NA
"Zone","Ituri","Kilo","2026-05-25",1,0,0,0,0,FALSE,NA
"Zone","Ituri","Kilo","2026-05-26",1,0,0,0,0,FALSE,NA
"Zone","Ituri","Kilo","2026-05-27",1,0,0,0,0,FALSE,NA
"Zone","Ituri","Kilo","2026-05-28",2,0,1,0,0,FALSE,0.1
"Zone","Ituri","Kilo","2026-05-29",2,0,0,0,0,FALSE,0.1
"Zone","Ituri","Kilo","2026-05-30",2,0,0,0,0,FALSE,0.1
"Zone","Ituri","Kilo","2026-06-01",2,0,0,0,0,FALSE,0.1
"Zone","Ituri","Kilo","2026-06-02",2,0,0,0,0,FALSE,0.1
"Zone","Ituri","Kilo","2026-06-03",2,0,0,0,0,FALSE,0.1
"Zone","Ituri","Kilo","2026-06-04",3,1,1,1,33.3,FALSE,0.3
"Zone","Ituri","Kilo","2026-06-05",4,1,1,0,25,FALSE,0.3
"Zone","Ituri","Kilo","2026-06-06",4,1,0,0,25,FALSE,0.3
"Zone","Ituri","Kilo","2026-06-07",4,1,0,0,25,FALSE,0.3
"Zone","Ituri","Kilo","2026-06-08",4,1,0,0,25,FALSE,0.3
"Zone","Ituri","Kilo","2026-06-09",4,1,0,0,25,FALSE,0.3
"Zone","Ituri","Kilo","2026-06-10",4,1,0,0,25,FALSE,0.3
"Zone","Ituri","Kilo","2026-06-11",4,1,0,0,25,FALSE,0.1
"Zone","Ituri","Kilo","2026-06-13",4,1,0,0,25,FALSE,0
"Zone","Ituri","Kilo","2026-06-14",4,1,0,0,25,FALSE,0
"Zone","Ituri","Kilo","2026-06-15",4,1,0,0,25,FALSE,0
"Zone","Ituri","Kilo","2026-06-16",4,NA,0,NA,NA,FALSE,0
"Zone","Ituri","Kilo","2026-06-17",7,1,3,NA,14.3,FALSE,0.4
"Zone","Ituri","Kilo","2026-06-18",7,1,0,0,14.3,FALSE,0.4
"Zone","Ituri","Kilo","2026-06-19",7,1,0,0,14.3,FALSE,0.4
"Zone","Ituri","Kilo","2026-06-20",7,1,0,0,14.3,FALSE,0.4
"Zone","Ituri","Kilo","2026-06-21",7,1,0,0,14.3,FALSE,0.4
"Zone","Ituri","Kilo","2026-06-22",7,1,0,0,14.3,FALSE,0.4
"Zone","Ituri","Kilo","2026-06-23",7,1,0,0,14.3,FALSE,0.4
"Zone","Ituri","Kilo","2026-06-24",9,1,2,0,11.1,FALSE,0.3
"Zone","Ituri","Kilo","2026-06-25",9,1,0,0,11.1,FALSE,0.3
"Zone","Ituri","Kilo","2026-06-29",9,1,0,0,11.1,FALSE,0.3
"Zone","Ituri","Kilo","2026-06-30",9,1,0,0,11.1,FALSE,0.3
"Zone","Ituri","Kilo","2026-07-01",9,1,0,0,11.1,FALSE,0.3
"Zone","Ituri","Kilo","2026-07-02",9,1,0,0,11.1,FALSE,0.3
"Zone","Ituri","Kilo","2026-07-03",9,1,0,0,11.1,FALSE,0.3
"Zone","Ituri","Kilo","2026-07-04",9,1,0,0,11.1,FALSE,0
"Zone","Ituri","Kilo","2026-07-05",9,1,0,0,11.1,FALSE,0
"Zone","Ituri","Kilo","2026-07-06",9,1,0,0,11.1,FALSE,0
"Zone","Ituri","Kilo","2026-07-07",9,1,0,0,11.1,FALSE,0
"Zone","Ituri","Kilo","2026-07-08",9,1,0,0,11.1,FALSE,0
"Zone","Ituri","Kilo","2026-07-09",9,1,0,0,11.1,FALSE,0
"Zone","Ituri","Kilo","2026-07-10",9,1,0,0,11.1,FALSE,0
"Zone","Ituri","Kilo","2026-07-11",9,1,0,0,11.1,FALSE,0
"Zone","Ituri","Kilo","2026-07-13",9,1,0,0,11.1,FALSE,0
"Zone","Ituri","Kilo","2026-07-15",10,2,1,1,20,FALSE,0.1
"Zone","Ituri","Kilo","2026-07-17",11,3,1,1,27.3,FALSE,0.3
"Zone","Ituri","Kilo","2026-07-18",11,3,0,0,27.3,FALSE,0.3
"Zone","Ituri","Kilo","2026-07-19",11,3,0,0,27.3,FALSE,0.3
"Zone","Ituri","Kilo","2026-07-20",11,3,0,0,27.3,FALSE,0.3
"Zone","Ituri","Kilo","2026-07-22",23,11,12,8,47.8,FALSE,2
"Zone","Ituri","Kilo","2026-07-23",23,11,0,0,47.8,FALSE,2
"Zone","Ituri","Komanda","2026-05-22",NA,1,NA,NA,NA,FALSE,NA
"Zone","Ituri","Komanda","2026-05-23",NA,1,NA,0,NA,FALSE,NA
"Zone","Ituri","Komanda","2026-05-24",NA,1,NA,0,NA,FALSE,NA
"Zone","Ituri","Komanda","2026-05-25",NA,1,NA,0,NA,FALSE,NA
"Zone","Ituri","Komanda","2026-05-26",NA,1,NA,0,NA,FALSE,NA
"Zone","Ituri","Komanda","2026-05-27",NA,1,NA,0,NA,FALSE,NA
"Zone","Ituri","Komanda","2026-05-28",1,1,NA,0,100,FALSE,NA
"Zone","Ituri","Komanda","2026-05-29",1,0,0,-1,0,FALSE,NA
"Zone","Ituri","Komanda","2026-05-30",1,0,0,0,0,FALSE,NA
"Zone","Ituri","Komanda","2026-06-01",1,0,0,0,0,FALSE,NA
"Zone","Ituri","Komanda","2026-06-02",1,0,0,0,0,FALSE,NA
"Zone","Ituri","Komanda","2026-06-03",1,0,0,0,0,FALSE,NA
"Zone","Ituri","Komanda","2026-06-04",3,0,2,0,0,FALSE,NA
"Zone","Ituri","Komanda","2026-06-05",3,0,0,0,0,FALSE,0.3
"Zone","Ituri","Komanda","2026-06-06",3,0,0,0,0,FALSE,0.3
"Zone","Ituri","Komanda","2026-06-07",3,0,0,0,0,FALSE,0.3
"Zone","Ituri","Komanda","2026-06-08",3,0,0,0,0,FALSE,0.3
"Zone","Ituri","Komanda","2026-06-09",3,0,0,0,0,FALSE,0.3
"Zone","Ituri","Komanda","2026-06-10",3,0,0,0,0,FALSE,0.3
"Zone","Ituri","Komanda","2026-06-11",3,0,0,0,0,FALSE,0
"Zone","Ituri","Komanda","2026-06-13",6,0,3,0,0,FALSE,0.4
"Zone","Ituri","Komanda","2026-06-14",6,0,0,0,0,FALSE,0.4
"Zone","Ituri","Komanda","2026-06-15",7,1,1,1,14.3,FALSE,0.6
"Zone","Ituri","Komanda","2026-06-16",7,NA,0,NA,NA,FALSE,0.6
"Zone","Ituri","Komanda","2026-06-17",10,3,3,NA,30,FALSE,1
"Zone","Ituri","Komanda","2026-06-18",10,3,0,0,30,FALSE,1
"Zone","Ituri","Komanda","2026-06-19",10,3,0,0,30,FALSE,1
"Zone","Ituri","Komanda","2026-06-20",10,3,0,0,30,FALSE,0.6
"Zone","Ituri","Komanda","2026-06-21",10,3,0,0,30,FALSE,0.6
"Zone","Ituri","Komanda","2026-06-22",10,3,0,0,30,FALSE,0.4
"Zone","Ituri","Komanda","2026-06-23",13,3,3,0,23.1,FALSE,0.9
"Zone","Ituri","Komanda","2026-06-24",13,3,0,0,23.1,FALSE,0.4
"Zone","Ituri","Komanda","2026-06-25",13,3,0,0,23.1,FALSE,0.4
"Zone","Ituri","Komanda","2026-06-29",16,5,3,2,31.2,FALSE,0.9
"Zone","Ituri","Komanda","2026-06-30",18,5,2,0,27.8,FALSE,1.1
"Zone","Ituri","Komanda","2026-07-01",19,5,1,0,26.3,FALSE,1.3
"Zone","Ituri","Komanda","2026-07-02",19,5,0,0,26.3,FALSE,1.3
"Zone","Ituri","Komanda","2026-07-03",19,5,0,0,26.3,FALSE,0.9
"Zone","Ituri","Komanda","2026-07-04",22,8,3,3,36.4,FALSE,1.3
"Zone","Ituri","Komanda","2026-07-05",22,8,0,0,36.4,FALSE,1.3
"Zone","Ituri","Komanda","2026-07-06",23,8,1,0,34.8,FALSE,1
"Zone","Ituri","Komanda","2026-07-07",23,8,0,0,34.8,FALSE,0.7
"Zone","Ituri","Komanda","2026-07-08",23,8,0,0,34.8,FALSE,0.6
"Zone","Ituri","Komanda","2026-07-09",25,8,2,0,32,FALSE,0.9
"Zone","Ituri","Komanda","2026-07-10",25,8,0,0,32,FALSE,0.9
"Zone","Ituri","Komanda","2026-07-11",27,8,2,0,29.6,FALSE,0.7
"Zone","Ituri","Komanda","2026-07-13",27,10,0,2,37,FALSE,0.7
"Zone","Ituri","Komanda","2026-07-15",27,10,0,0,37,FALSE,0.6
"Zone","Ituri","Komanda","2026-07-17",27,10,0,0,37,FALSE,0.6
"Zone","Ituri","Komanda","2026-07-18",27,10,0,0,37,FALSE,0.6
"Zone","Ituri","Komanda","2026-07-19",27,10,0,0,37,FALSE,0.3
"Zone","Ituri","Komanda","2026-07-20",27,11,0,1,40.7,FALSE,0.3
"Zone","Ituri","Komanda","2026-07-22",30,21,3,10,70,FALSE,0.4
"Zone","Ituri","Komanda","2026-07-23",33,22,3,1,66.7,FALSE,0.9
"Zone","Ituri","Lita","2026-05-28",1,0,NA,NA,0,FALSE,NA
"Zone","Ituri","Lita","2026-05-29",1,0,0,0,0,FALSE,NA
"Zone","Ituri","Lita","2026-05-30",1,0,0,0,0,FALSE,NA
"Zone","Ituri","Lita","2026-06-01",1,0,0,0,0,FALSE,NA
"Zone","Ituri","Lita","2026-06-02",1,0,0,0,0,FALSE,NA
"Zone","Ituri","Lita","2026-06-03",2,0,1,0,0,FALSE,NA
"Zone","Ituri","Lita","2026-06-04",3,0,1,0,0,FALSE,NA
"Zone","Ituri","Lita","2026-06-05",4,0,1,0,0,FALSE,0.4
"Zone","Ituri","Lita","2026-06-06",4,0,0,0,0,FALSE,0.4
"Zone","Ituri","Lita","2026-06-07",4,0,0,0,0,FALSE,0.4
"Zone","Ituri","Lita","2026-06-08",4,0,0,0,0,FALSE,0.4
"Zone","Ituri","Lita","2026-06-09",5,0,1,0,0,FALSE,0.6
"Zone","Ituri","Lita","2026-06-10",6,0,1,0,0,FALSE,0.6
"Zone","Ituri","Lita","2026-06-11",6,0,0,0,0,FALSE,0.4
"Zone","Ituri","Lita","2026-06-13",6,0,0,0,0,FALSE,0.3
"Zone","Ituri","Lita","2026-06-14",6,0,0,0,0,FALSE,0.3
"Zone","Ituri","Lita","2026-06-15",9,0,3,0,0,FALSE,0.7
"Zone","Ituri","Lita","2026-06-16",9,NA,0,NA,NA,FALSE,0.7
"Zone","Ituri","Lita","2026-06-17",18,4,9,NA,22.2,FALSE,1.9
"Zone","Ituri","Lita","2026-06-18",20,6,2,2,30,FALSE,2
"Zone","Ituri","Lita","2026-06-19",20,6,0,0,30,FALSE,2
"Zone","Ituri","Lita","2026-06-20",20,6,0,0,30,FALSE,2
"Zone","Ituri","Lita","2026-06-21",21,6,1,0,28.6,FALSE,2.1
"Zone","Ituri","Lita","2026-06-22",24,6,3,0,25,FALSE,2.1
"Zone","Ituri","Lita","2026-06-23",26,6,2,0,23.1,FALSE,2.4
"Zone","Ituri","Lita","2026-06-24",26,6,0,0,23.1,FALSE,1.1
"Zone","Ituri","Lita","2026-06-25",26,6,0,0,23.1,FALSE,0.9
"Zone","Ituri","Lita","2026-06-29",29,9,3,3,31,FALSE,1.3
"Zone","Ituri","Lita","2026-06-30",29,9,0,0,31,FALSE,1.3
"Zone","Ituri","Lita","2026-07-01",32,11,3,2,34.4,FALSE,1.6
"Zone","Ituri","Lita","2026-07-02",33,12,1,1,36.4,FALSE,1.3
"Zone","Ituri","Lita","2026-07-03",33,12,0,0,36.4,FALSE,1
"Zone","Ituri","Lita","2026-07-04",33,12,0,0,36.4,FALSE,1
"Zone","Ituri","Lita","2026-07-05",33,12,0,0,36.4,FALSE,1
"Zone","Ituri","Lita","2026-07-06",40,16,7,4,40,FALSE,1.6
"Zone","Ituri","Lita","2026-07-07",40,16,0,0,40,FALSE,1.6
"Zone","Ituri","Lita","2026-07-08",41,16,1,0,39,FALSE,1.3
"Zone","Ituri","Lita","2026-07-09",42,17,1,1,40.5,FALSE,1.3
"Zone","Ituri","Lita","2026-07-10",45,19,3,2,42.2,FALSE,1.7
"Zone","Ituri","Lita","2026-07-11",48,19,3,0,39.6,FALSE,2.1
"Zone","Ituri","Lita","2026-07-13",59,23,11,4,39,FALSE,3.7
"Zone","Ituri","Lita","2026-07-15",66,23,7,0,34.8,FALSE,3.7
"Zone","Ituri","Lita","2026-07-17",77,27,11,4,35.1,FALSE,5.3
"Zone","Ituri","Lita","2026-07-18",77,27,0,0,35.1,FALSE,5.1
"Zone","Ituri","Lita","2026-07-19",78,27,1,0,34.6,FALSE,5.1
"Zone","Ituri","Lita","2026-07-20",78,27,0,0,34.6,FALSE,4.7
"Zone","Ituri","Lita","2026-07-22",101,58,23,31,57.4,FALSE,7.6
"Zone","Ituri","Lita","2026-07-23",103,59,2,1,57.3,FALSE,6.3
"Zone","Ituri","Logo","2026-06-01",1,0,NA,NA,0,FALSE,NA
"Zone","Ituri","Logo","2026-06-02",1,0,0,0,0,FALSE,NA
"Zone","Ituri","Logo","2026-06-04",2,0,1,0,0,FALSE,NA
"Zone","Ituri","Logo","2026-06-05",2,0,0,0,0,FALSE,NA
"Zone","Ituri","Logo","2026-06-06",2,0,0,0,0,FALSE,NA
"Zone","Ituri","Logo","2026-06-07",2,0,0,0,0,FALSE,NA
"Zone","Ituri","Logo","2026-06-08",2,0,0,0,0,FALSE,NA
"Zone","Ituri","Logo","2026-06-09",2,0,0,0,0,FALSE,0.1
"Zone","Ituri","Logo","2026-06-10",2,0,0,0,0,FALSE,0.1
"Zone","Ituri","Logo","2026-06-11",2,0,0,0,0,FALSE,0
"Zone","Ituri","Logo","2026-06-13",2,0,0,0,0,FALSE,0
"Zone","Ituri","Logo","2026-06-14",2,0,0,0,0,FALSE,0
"Zone","Ituri","Logo","2026-06-15",2,0,0,0,0,FALSE,0
"Zone","Ituri","Logo","2026-06-16",2,NA,0,NA,NA,FALSE,0
"Zone","Ituri","Logo","2026-06-17",2,0,0,NA,0,FALSE,0
"Zone","Ituri","Logo","2026-06-18",2,0,0,0,0,FALSE,0
"Zone","Ituri","Logo","2026-06-19",2,0,0,0,0,FALSE,0
"Zone","Ituri","Logo","2026-06-20",2,0,0,0,0,FALSE,0
"Zone","Ituri","Logo","2026-06-21",2,0,0,0,0,FALSE,0
"Zone","Ituri","Logo","2026-06-22",5,0,3,0,0,FALSE,0.4
"Zone","Ituri","Logo","2026-06-23",5,0,0,0,0,FALSE,0.4
"Zone","Ituri","Logo","2026-06-24",5,0,0,0,0,FALSE,0.4
"Zone","Ituri","Logo","2026-06-25",7,0,2,0,0,FALSE,0.7
"Zone","Ituri","Logo","2026-06-29",7,0,0,0,0,FALSE,0.7
"Zone","Ituri","Logo","2026-06-30",7,0,0,0,0,FALSE,0.7
"Zone","Ituri","Logo","2026-07-01",7,0,0,0,0,FALSE,0.7
"Zone","Ituri","Logo","2026-07-02",7,0,0,0,0,FALSE,0.3
"Zone","Ituri","Logo","2026-07-03",7,0,0,0,0,FALSE,0.3
"Zone","Ituri","Logo","2026-07-04",7,0,0,0,0,FALSE,0.3
"Zone","Ituri","Logo","2026-07-05",7,0,0,0,0,FALSE,0
"Zone","Ituri","Logo","2026-07-06",7,0,0,0,0,FALSE,0
"Zone","Ituri","Logo","2026-07-07",7,0,0,0,0,FALSE,0
"Zone","Ituri","Logo","2026-07-08",7,0,0,0,0,FALSE,0
"Zone","Ituri","Logo","2026-07-09",7,0,0,0,0,FALSE,0
"Zone","Ituri","Logo","2026-07-10",7,0,0,0,0,FALSE,0
"Zone","Ituri","Logo","2026-07-11",7,0,0,0,0,FALSE,0
"Zone","Ituri","Logo","2026-07-13",7,0,0,0,0,FALSE,0
"Zone","Ituri","Logo","2026-07-15",7,0,0,0,0,FALSE,0
"Zone","Ituri","Logo","2026-07-17",7,1,0,1,14.3,FALSE,0
"Zone","Ituri","Logo","2026-07-18",7,1,0,0,14.3,FALSE,0
"Zone","Ituri","Logo","2026-07-19",8,1,1,0,12.5,FALSE,0.1
"Zone","Ituri","Logo","2026-07-20",8,1,0,0,12.5,FALSE,0.1
"Zone","Ituri","Logo","2026-07-22",8,3,0,2,37.5,FALSE,0.1
"Zone","Ituri","Logo","2026-07-23",9,3,1,0,33.3,FALSE,0.3
"Zone","Ituri","Mambasa","2026-05-26",0,NA,NA,NA,NA,FALSE,NA
"Zone","Ituri","Mambasa","2026-05-27",0,NA,0,NA,NA,FALSE,NA
"Zone","Ituri","Mambasa","2026-06-01",2,1,2,NA,50,FALSE,NA
"Zone","Ituri","Mambasa","2026-06-02",2,1,0,0,50,FALSE,NA
"Zone","Ituri","Mambasa","2026-06-04",2,1,0,0,50,FALSE,NA
"Zone","Ituri","Mambasa","2026-06-05",2,1,0,0,50,FALSE,NA
"Zone","Ituri","Mambasa","2026-06-06",2,1,0,0,50,FALSE,NA
"Zone","Ituri","Mambasa","2026-06-07",2,1,0,0,50,FALSE,0.3
"Zone","Ituri","Mambasa","2026-06-08",2,1,0,0,50,FALSE,0.3
"Zone","Ituri","Mambasa","2026-06-09",2,1,0,0,50,FALSE,0
"Zone","Ituri","Mambasa","2026-06-10",2,1,0,0,50,FALSE,0
"Zone","Ituri","Mambasa","2026-06-11",2,1,0,0,50,FALSE,0
"Zone","Ituri","Mambasa","2026-06-13",2,1,0,0,50,FALSE,0
"Zone","Ituri","Mambasa","2026-06-14",2,1,0,0,50,FALSE,0
"Zone","Ituri","Mambasa","2026-06-15",2,1,0,0,50,FALSE,0
"Zone","Ituri","Mambasa","2026-06-16",2,NA,0,NA,NA,FALSE,0
"Zone","Ituri","Mambasa","2026-06-17",2,1,0,NA,50,FALSE,0
"Zone","Ituri","Mambasa","2026-06-18",2,1,0,0,50,FALSE,0
"Zone","Ituri","Mambasa","2026-06-19",2,1,0,0,50,FALSE,0
"Zone","Ituri","Mambasa","2026-06-20",2,1,0,0,50,FALSE,0
"Zone","Ituri","Mambasa","2026-06-21",2,1,0,0,50,FALSE,0
"Zone","Ituri","Mambasa","2026-06-22",2,1,0,0,50,FALSE,0
"Zone","Ituri","Mambasa","2026-06-23",2,1,0,0,50,FALSE,0
"Zone","Ituri","Mambasa","2026-06-24",2,1,0,0,50,FALSE,0
"Zone","Ituri","Mambasa","2026-06-25",2,1,0,0,50,FALSE,0
"Zone","Ituri","Mambasa","2026-06-29",2,1,0,0,50,FALSE,0
"Zone","Ituri","Mambasa","2026-06-30",2,1,0,0,50,FALSE,0
"Zone","Ituri","Mambasa","2026-07-01",2,1,0,0,50,FALSE,0
"Zone","Ituri","Mambasa","2026-07-02",2,1,0,0,50,FALSE,0
"Zone","Ituri","Mambasa","2026-07-03",2,1,0,0,50,FALSE,0
"Zone","Ituri","Mambasa","2026-07-04",2,1,0,0,50,FALSE,0
"Zone","Ituri","Mambasa","2026-07-05",2,1,0,0,50,FALSE,0
"Zone","Ituri","Mambasa","2026-07-06",4,3,2,2,75,FALSE,0.3
"Zone","Ituri","Mambasa","2026-07-07",4,3,0,0,75,FALSE,0.3
"Zone","Ituri","Mambasa","2026-07-08",4,3,0,0,75,FALSE,0.3
"Zone","Ituri","Mambasa","2026-07-09",5,4,1,1,80,FALSE,0.4
"Zone","Ituri","Mambasa","2026-07-10",5,4,0,0,80,FALSE,0.4
"Zone","Ituri","Mambasa","2026-07-11",5,4,0,0,80,FALSE,0.4
"Zone","Ituri","Mambasa","2026-07-13",5,4,0,0,80,FALSE,0.4
"Zone","Ituri","Mambasa","2026-07-15",5,4,0,0,80,FALSE,0.1
"Zone","Ituri","Mambasa","2026-07-17",8,5,3,1,62.5,FALSE,0.6
"Zone","Ituri","Mambasa","2026-07-18",8,6,0,1,75,FALSE,0.6
"Zone","Ituri","Mambasa","2026-07-19",8,6,0,0,75,FALSE,0.4
"Zone","Ituri","Mambasa","2026-07-20",8,6,0,0,75,FALSE,0.4
"Zone","Ituri","Mambasa","2026-07-22",7,4,-1,-2,57.1,TRUE,0.4
"Zone","Ituri","Mambasa","2026-07-23",7,4,0,0,57.1,FALSE,0.4
"Zone","Ituri","Mangala","2026-05-28",1,0,NA,NA,0,FALSE,NA
"Zone","Ituri","Mangala","2026-05-29",1,0,0,0,0,FALSE,NA
"Zone","Ituri","Mangala","2026-05-30",1,0,0,0,0,FALSE,NA
"Zone","Ituri","Mangala","2026-06-01",1,0,0,0,0,FALSE,NA
"Zone","Ituri","Mangala","2026-06-02",1,0,0,0,0,FALSE,NA
"Zone","Ituri","Mangala","2026-06-03",1,0,0,0,0,FALSE,NA
"Zone","Ituri","Mangala","2026-06-04",1,0,0,0,0,FALSE,NA
"Zone","Ituri","Mangala","2026-06-05",1,0,0,0,0,FALSE,0
"Zone","Ituri","Mangala","2026-06-06",1,0,0,0,0,FALSE,0
"Zone","Ituri","Mangala","2026-06-07",1,0,0,0,0,FALSE,0
"Zone","Ituri","Mangala","2026-06-08",1,0,0,0,0,FALSE,0
"Zone","Ituri","Mangala","2026-06-09",1,0,0,0,0,FALSE,0
"Zone","Ituri","Mangala","2026-06-10",2,0,1,0,0,FALSE,0.1
"Zone","Ituri","Mangala","2026-06-11",2,0,0,0,0,FALSE,0.1
"Zone","Ituri","Mangala","2026-06-13",5,3,3,3,60,FALSE,0.6
"Zone","Ituri","Mangala","2026-06-14",5,3,0,0,60,FALSE,0.6
"Zone","Ituri","Mangala","2026-06-15",5,3,0,0,60,FALSE,0.6
"Zone","Ituri","Mangala","2026-06-16",5,NA,0,NA,NA,FALSE,0.6
"Zone","Ituri","Mangala","2026-06-17",5,3,0,NA,60,FALSE,0.6
"Zone","Ituri","Mangala","2026-06-18",7,4,2,1,57.1,FALSE,0.7
"Zone","Ituri","Mangala","2026-06-19",7,4,0,0,57.1,FALSE,0.7
"Zone","Ituri","Mangala","2026-06-20",7,4,0,0,57.1,FALSE,0.3
"Zone","Ituri","Mangala","2026-06-21",11,5,4,1,45.5,FALSE,0.9
"Zone","Ituri","Mangala","2026-06-22",14,6,3,1,42.9,FALSE,1.3
"Zone","Ituri","Mangala","2026-06-23",17,8,3,2,47.1,FALSE,1.7
"Zone","Ituri","Mangala","2026-06-24",17,8,0,0,47.1,FALSE,1.7
"Zone","Ituri","Mangala","2026-06-25",17,8,0,0,47.1,FALSE,1.4
"Zone","Ituri","Mangala","2026-06-29",24,12,7,4,50,FALSE,2.4
"Zone","Ituri","Mangala","2026-06-30",24,12,0,0,50,FALSE,2.4
"Zone","Ituri","Mangala","2026-07-01",24,12,0,0,50,FALSE,1.9
"Zone","Ituri","Mangala","2026-07-02",24,12,0,0,50,FALSE,1.4
"Zone","Ituri","Mangala","2026-07-03",26,14,2,2,53.8,FALSE,1.3
"Zone","Ituri","Mangala","2026-07-04",26,14,0,0,53.8,FALSE,1.3
"Zone","Ituri","Mangala","2026-07-05",33,14,7,0,42.4,FALSE,2.3
"Zone","Ituri","Mangala","2026-07-06",39,20,6,6,51.3,FALSE,2.1
"Zone","Ituri","Mangala","2026-07-07",40,20,1,0,50,FALSE,2.3
"Zone","Ituri","Mangala","2026-07-08",43,23,3,3,53.5,FALSE,2.7
"Zone","Ituri","Mangala","2026-07-09",43,23,0,0,53.5,FALSE,2.7
"Zone","Ituri","Mangala","2026-07-10",50,29,7,6,58,FALSE,3.4
"Zone","Ituri","Mangala","2026-07-11",50,29,0,0,58,FALSE,3.4
"Zone","Ituri","Mangala","2026-07-13",50,29,0,0,58,FALSE,2.4
"Zone","Ituri","Mangala","2026-07-15",50,29,0,0,58,FALSE,1.6
"Zone","Ituri","Mangala","2026-07-17",56,33,6,4,58.9,FALSE,2.3
"Zone","Ituri","Mangala","2026-07-18",58,35,2,2,60.3,FALSE,2.1
"Zone","Ituri","Mangala","2026-07-19",61,38,3,3,62.3,FALSE,2.6
"Zone","Ituri","Mangala","2026-07-20",61,38,0,0,62.3,FALSE,1.6
"Zone","Ituri","Mangala","2026-07-22",86,59,25,21,68.6,FALSE,5.1
"Zone","Ituri","Mangala","2026-07-23",92,60,6,1,65.2,FALSE,6
"Zone","Ituri","Mongbwalu","2026-05-14",0,NA,NA,NA,NA,FALSE,NA
"Zone","Ituri","Mongbwalu","2026-05-15",0,NA,0,NA,NA,FALSE,NA
"Zone","Ituri","Mongbwalu","2026-05-18",1,NA,1,NA,NA,FALSE,NA
"Zone","Ituri","Mongbwalu","2026-05-19",13,0,12,NA,0,FALSE,NA
"Zone","Ituri","Mongbwalu","2026-05-20",13,0,0,0,0,FALSE,NA
"Zone","Ituri","Mongbwalu","2026-05-21",14,0,1,0,0,FALSE,NA
"Zone","Ituri","Mongbwalu","2026-05-22",10,0,-4,0,0,TRUE,NA
"Zone","Ituri","Mongbwalu","2026-05-23",19,0,9,0,0,FALSE,3.3
"Zone","Ituri","Mongbwalu","2026-05-24",19,0,0,0,0,FALSE,3.3
"Zone","Ituri","Mongbwalu","2026-05-25",19,0,0,0,0,FALSE,3.1
"Zone","Ituri","Mongbwalu","2026-05-26",20,0,1,0,0,FALSE,1.6
"Zone","Ituri","Mongbwalu","2026-05-27",20,0,0,0,0,FALSE,1.6
"Zone","Ituri","Mongbwalu","2026-05-28",47,10,27,10,21.3,FALSE,5.3
"Zone","Ituri","Mongbwalu","2026-05-29",47,10,0,0,21.3,FALSE,5.3
"Zone","Ituri","Mongbwalu","2026-05-30",47,10,0,0,21.3,FALSE,4
"Zone","Ituri","Mongbwalu","2026-06-01",47,10,0,0,21.3,FALSE,4
"Zone","Ituri","Mongbwalu","2026-06-02",47,10,0,0,21.3,FALSE,4
"Zone","Ituri","Mongbwalu","2026-06-03",47,10,0,0,21.3,FALSE,3.9
"Zone","Ituri","Mongbwalu","2026-06-04",64,21,17,11,32.8,FALSE,6.3
"Zone","Ituri","Mongbwalu","2026-06-05",74,21,10,0,28.4,FALSE,3.9
"Zone","Ituri","Mongbwalu","2026-06-06",92,25,18,4,27.2,FALSE,6.4
"Zone","Ituri","Mongbwalu","2026-06-07",98,29,6,4,29.6,FALSE,7.3
"Zone","Ituri","Mongbwalu","2026-06-08",114,40,16,11,35.1,FALSE,9.6
"Zone","Ituri","Mongbwalu","2026-06-09",127,47,13,7,37,FALSE,11.4
"Zone","Ituri","Mongbwalu","2026-06-10",132,49,5,2,37.1,FALSE,12.1
"Zone","Ituri","Mongbwalu","2026-06-11",136,52,4,3,38.2,FALSE,10.3
"Zone","Ituri","Mongbwalu","2026-06-13",164,73,28,21,44.5,FALSE,12.9
"Zone","Ituri","Mongbwalu","2026-06-14",175,80,11,7,45.7,FALSE,11.9
"Zone","Ituri","Mongbwalu","2026-06-15",185,83,10,3,44.9,FALSE,12.4
"Zone","Ituri","Mongbwalu","2026-06-16",189,NA,4,NA,NA,FALSE,10.7
"Zone","Ituri","Mongbwalu","2026-06-17",189,83,0,NA,43.9,FALSE,8.9
"Zone","Ituri","Mongbwalu","2026-06-18",198,87,9,4,43.9,FALSE,9.4
"Zone","Ituri","Mongbwalu","2026-06-19",209,89,11,2,42.6,FALSE,10.4
"Zone","Ituri","Mongbwalu","2026-06-20",220,91,11,2,41.4,FALSE,8
"Zone","Ituri","Mongbwalu","2026-06-21",229,96,9,5,41.9,FALSE,7.7
"Zone","Ituri","Mongbwalu","2026-06-22",237,100,8,4,42.2,FALSE,7.4
"Zone","Ituri","Mongbwalu","2026-06-23",241,103,4,3,42.7,FALSE,7.4
"Zone","Ituri","Mongbwalu","2026-06-24",245,105,4,2,42.9,FALSE,8
"Zone","Ituri","Mongbwalu","2026-06-25",250,109,5,4,43.6,FALSE,7.4
"Zone","Ituri","Mongbwalu","2026-06-29",258,123,8,14,47.7,FALSE,7
"Zone","Ituri","Mongbwalu","2026-06-30",264,126,6,3,47.7,FALSE,6.3
"Zone","Ituri","Mongbwalu","2026-07-01",270,127,6,1,47,FALSE,5.9
"Zone","Ituri","Mongbwalu","2026-07-02",273,136,3,9,49.8,FALSE,5.1
"Zone","Ituri","Mongbwalu","2026-07-03",276,139,3,3,50.4,FALSE,5
"Zone","Ituri","Mongbwalu","2026-07-04",278,141,2,2,50.7,FALSE,4.7
"Zone","Ituri","Mongbwalu","2026-07-05",288,149,10,8,51.7,FALSE,5.4
"Zone","Ituri","Mongbwalu","2026-07-06",298,154,10,5,51.7,FALSE,5.7
"Zone","Ituri","Mongbwalu","2026-07-07",310,165,12,11,53.2,FALSE,6.6
"Zone","Ituri","Mongbwalu","2026-07-08",315,167,5,2,53,FALSE,6.4
"Zone","Ituri","Mongbwalu","2026-07-09",327,170,12,3,52,FALSE,7.7
"Zone","Ituri","Mongbwalu","2026-07-10",329,171,2,1,52,FALSE,7.6
"Zone","Ituri","Mongbwalu","2026-07-11",336,177,7,6,52.7,FALSE,8.3
"Zone","Ituri","Mongbwalu","2026-07-13",336,182,0,5,54.2,FALSE,6.9
"Zone","Ituri","Mongbwalu","2026-07-15",347,192,11,10,55.3,FALSE,7
"Zone","Ituri","Mongbwalu","2026-07-17",355,196,8,4,55.2,FALSE,6.4
"Zone","Ituri","Mongbwalu","2026-07-18",360,199,5,3,55.3,FALSE,6.4
"Zone","Ituri","Mongbwalu","2026-07-19",363,203,3,4,55.9,FALSE,5.1
"Zone","Ituri","Mongbwalu","2026-07-20",364,204,1,1,56,FALSE,5
"Zone","Ituri","Mongbwalu","2026-07-22",482,226,118,22,46.9,FALSE,20.9
"Zone","Ituri","Mongbwalu","2026-07-23",484,228,2,2,47.1,FALSE,21.1
"Zone","Ituri","Nizi","2026-05-21",1,0,NA,NA,0,FALSE,NA
"Zone","Ituri","Nizi","2026-05-22",2,0,1,0,0,FALSE,NA
"Zone","Ituri","Nizi","2026-05-23",2,0,0,0,0,FALSE,NA
"Zone","Ituri","Nizi","2026-05-24",2,0,0,0,0,FALSE,NA
"Zone","Ituri","Nizi","2026-05-25",2,NA,0,NA,NA,FALSE,NA
"Zone","Ituri","Nizi","2026-05-26",2,0,0,NA,0,FALSE,NA
"Zone","Ituri","Nizi","2026-05-27",2,0,0,0,0,FALSE,NA
"Zone","Ituri","Nizi","2026-05-28",2,0,0,0,0,FALSE,0.1
"Zone","Ituri","Nizi","2026-05-29",2,0,0,0,0,FALSE,0
"Zone","Ituri","Nizi","2026-05-30",2,0,0,0,0,FALSE,0
"Zone","Ituri","Nizi","2026-06-01",2,0,0,0,0,FALSE,0
"Zone","Ituri","Nizi","2026-06-02",2,0,0,0,0,FALSE,0
"Zone","Ituri","Nizi","2026-06-03",2,0,0,0,0,FALSE,0
"Zone","Ituri","Nizi","2026-06-04",5,0,3,0,0,FALSE,0.4
"Zone","Ituri","Nizi","2026-06-05",5,0,0,0,0,FALSE,0.4
"Zone","Ituri","Nizi","2026-06-06",5,0,0,0,0,FALSE,0.4
"Zone","Ituri","Nizi","2026-06-07",5,0,0,0,0,FALSE,0.4
"Zone","Ituri","Nizi","2026-06-08",5,0,0,0,0,FALSE,0.4
"Zone","Ituri","Nizi","2026-06-09",5,0,0,0,0,FALSE,0.4
"Zone","Ituri","Nizi","2026-06-10",7,0,2,0,0,FALSE,0.7
"Zone","Ituri","Nizi","2026-06-11",9,1,2,1,11.1,FALSE,0.6
"Zone","Ituri","Nizi","2026-06-13",11,1,2,0,9.1,FALSE,0.9
"Zone","Ituri","Nizi","2026-06-14",11,1,0,0,9.1,FALSE,0.9
"Zone","Ituri","Nizi","2026-06-15",16,1,5,0,6.2,FALSE,1.6
"Zone","Ituri","Nizi","2026-06-16",16,NA,0,NA,NA,FALSE,1.6
"Zone","Ituri","Nizi","2026-06-17",25,5,9,NA,20,FALSE,2.9
"Zone","Ituri","Nizi","2026-06-18",26,5,1,0,19.2,FALSE,2.7
"Zone","Ituri","Nizi","2026-06-19",26,5,0,0,19.2,FALSE,2.4
"Zone","Ituri","Nizi","2026-06-20",26,5,0,0,19.2,FALSE,2.1
"Zone","Ituri","Nizi","2026-06-21",26,5,0,0,19.2,FALSE,2.1
"Zone","Ituri","Nizi","2026-06-22",30,6,4,1,20,FALSE,2
"Zone","Ituri","Nizi","2026-06-23",30,6,0,0,20,FALSE,2
"Zone","Ituri","Nizi","2026-06-24",30,6,0,0,20,FALSE,0.7
"Zone","Ituri","Nizi","2026-06-25",32,6,2,0,18.8,FALSE,0.9
"Zone","Ituri","Nizi","2026-06-29",41,9,9,3,22,FALSE,2.1
"Zone","Ituri","Nizi","2026-06-30",61,19,20,10,31.1,FALSE,5
"Zone","Ituri","Nizi","2026-07-01",65,19,4,0,29.2,FALSE,5.6
"Zone","Ituri","Nizi","2026-07-02",65,19,0,0,29.2,FALSE,5
"Zone","Ituri","Nizi","2026-07-03",65,19,0,0,29.2,FALSE,5
"Zone","Ituri","Nizi","2026-07-04",72,19,7,0,26.4,FALSE,6
"Zone","Ituri","Nizi","2026-07-05",78,19,6,0,24.4,FALSE,6.6
"Zone","Ituri","Nizi","2026-07-06",84,24,6,5,28.6,FALSE,6.1
"Zone","Ituri","Nizi","2026-07-07",94,28,10,4,29.8,FALSE,4.7
"Zone","Ituri","Nizi","2026-07-08",104,36,10,8,34.6,FALSE,5.6
"Zone","Ituri","Nizi","2026-07-09",107,36,3,0,33.6,FALSE,6
"Zone","Ituri","Nizi","2026-07-10",110,36,3,0,32.7,FALSE,6.4
"Zone","Ituri","Nizi","2026-07-11",121,47,11,11,38.8,FALSE,7
"Zone","Ituri","Nizi","2026-07-13",131,50,10,3,38.2,FALSE,7.6
"Zone","Ituri","Nizi","2026-07-15",148,67,17,17,45.3,FALSE,9.1
"Zone","Ituri","Nizi","2026-07-17",168,79,20,12,47,FALSE,10.6
"Zone","Ituri","Nizi","2026-07-18",198,87,30,8,43.9,FALSE,13.4
"Zone","Ituri","Nizi","2026-07-19",214,93,16,6,43.5,FALSE,15.3
"Zone","Ituri","Nizi","2026-07-20",223,99,9,6,44.4,FALSE,16.1
"Zone","Ituri","Nizi","2026-07-22",308,144,85,45,46.8,FALSE,26.7
"Zone","Ituri","Nizi","2026-07-23",316,151,8,7,47.8,FALSE,26.4
"Zone","Ituri","Nyankunde","2026-05-18",4,NA,NA,NA,NA,FALSE,NA
"Zone","Ituri","Nyankunde","2026-05-19",4,0,0,NA,0,FALSE,NA
"Zone","Ituri","Nyankunde","2026-05-20",5,0,1,0,0,FALSE,NA
"Zone","Ituri","Nyankunde","2026-05-21",11,0,6,0,0,FALSE,NA
"Zone","Ituri","Nyankunde","2026-05-22",9,0,-2,0,0,TRUE,NA
"Zone","Ituri","Nyankunde","2026-05-23",9,0,0,0,0,FALSE,NA
"Zone","Ituri","Nyankunde","2026-05-24",9,0,0,0,0,FALSE,NA
"Zone","Ituri","Nyankunde","2026-05-25",9,0,0,0,0,FALSE,1
"Zone","Ituri","Nyankunde","2026-05-26",10,0,1,0,0,FALSE,1.1
"Zone","Ituri","Nyankunde","2026-05-27",10,0,0,0,0,FALSE,1
"Zone","Ituri","Nyankunde","2026-05-28",19,1,9,1,5.3,FALSE,1.4
"Zone","Ituri","Nyankunde","2026-05-29",19,1,0,0,5.3,FALSE,1.4
"Zone","Ituri","Nyankunde","2026-05-30",19,1,0,0,5.3,FALSE,1.4
"Zone","Ituri","Nyankunde","2026-06-01",19,1,0,0,5.3,FALSE,1.4
"Zone","Ituri","Nyankunde","2026-06-02",22,1,3,0,4.5,FALSE,1.9
"Zone","Ituri","Nyankunde","2026-06-03",22,1,0,0,4.5,FALSE,1.7
"Zone","Ituri","Nyankunde","2026-06-04",22,1,0,0,4.5,FALSE,1.7
"Zone","Ituri","Nyankunde","2026-06-05",24,1,2,0,4.2,FALSE,0.7
"Zone","Ituri","Nyankunde","2026-06-06",24,1,0,0,4.2,FALSE,0.7
"Zone","Ituri","Nyankunde","2026-06-07",26,1,2,0,3.8,FALSE,1
"Zone","Ituri","Nyankunde","2026-06-08",32,1,6,0,3.1,FALSE,1.9
"Zone","Ituri","Nyankunde","2026-06-09",32,1,0,0,3.1,FALSE,1.4
"Zone","Ituri","Nyankunde","2026-06-10",33,1,1,0,3,FALSE,1.6
"Zone","Ituri","Nyankunde","2026-06-11",33,1,0,0,3,FALSE,1.6
"Zone","Ituri","Nyankunde","2026-06-13",38,4,5,3,10.5,FALSE,2
"Zone","Ituri","Nyankunde","2026-06-14",42,4,4,0,9.5,FALSE,2.6
"Zone","Ituri","Nyankunde","2026-06-15",45,4,3,0,8.9,FALSE,2.7
"Zone","Ituri","Nyankunde","2026-06-16",45,NA,0,NA,NA,FALSE,1.9
"Zone","Ituri","Nyankunde","2026-06-17",68,6,23,NA,8.8,FALSE,5.1
"Zone","Ituri","Nyankunde","2026-06-18",77,7,9,1,9.1,FALSE,6.3
"Zone","Ituri","Nyankunde","2026-06-19",79,7,2,0,8.9,FALSE,6.6
"Zone","Ituri","Nyankunde","2026-06-20",79,7,0,0,8.9,FALSE,5.9
"Zone","Ituri","Nyankunde","2026-06-21",86,9,7,2,10.5,FALSE,6.3
"Zone","Ituri","Nyankunde","2026-06-22",86,9,0,0,10.5,FALSE,5.9
"Zone","Ituri","Nyankunde","2026-06-23",86,9,0,0,10.5,FALSE,5.9
"Zone","Ituri","Nyankunde","2026-06-24",91,10,5,1,11,FALSE,3.3
"Zone","Ituri","Nyankunde","2026-06-25",93,11,2,1,11.8,FALSE,2.3
"Zone","Ituri","Nyankunde","2026-06-29",94,15,1,4,16,FALSE,2.1
"Zone","Ituri","Nyankunde","2026-06-30",95,16,1,1,16.8,FALSE,2.3
"Zone","Ituri","Nyankunde","2026-07-01",95,16,0,0,16.8,FALSE,1.3
"Zone","Ituri","Nyankunde","2026-07-02",95,16,0,0,16.8,FALSE,1.3
"Zone","Ituri","Nyankunde","2026-07-03",95,17,0,1,17.9,FALSE,1.3
"Zone","Ituri","Nyankunde","2026-07-04",95,17,0,0,17.9,FALSE,0.6
"Zone","Ituri","Nyankunde","2026-07-05",96,19,1,2,19.8,FALSE,0.4
"Zone","Ituri","Nyankunde","2026-07-06",96,20,0,1,20.8,FALSE,0.3
"Zone","Ituri","Nyankunde","2026-07-07",97,20,1,0,20.6,FALSE,0.3
"Zone","Ituri","Nyankunde","2026-07-08",97,22,0,2,22.7,FALSE,0.3
"Zone","Ituri","Nyankunde","2026-07-09",97,22,0,0,22.7,FALSE,0.3
"Zone","Ituri","Nyankunde","2026-07-10",97,23,0,1,23.7,FALSE,0.3
"Zone","Ituri","Nyankunde","2026-07-11",99,25,2,2,25.3,FALSE,0.6
"Zone","Ituri","Nyankunde","2026-07-13",99,26,0,1,26.3,FALSE,0.4
"Zone","Ituri","Nyankunde","2026-07-15",99,26,0,0,26.3,FALSE,0.4
"Zone","Ituri","Nyankunde","2026-07-17",99,28,0,2,28.3,FALSE,0.3
"Zone","Ituri","Nyankunde","2026-07-18",99,28,0,0,28.3,FALSE,0.3
"Zone","Ituri","Nyankunde","2026-07-19",99,28,0,0,28.3,FALSE,0.3
"Zone","Ituri","Nyankunde","2026-07-20",99,28,0,0,28.3,FALSE,0.3
"Zone","Ituri","Nyankunde","2026-07-22",114,30,15,2,26.3,FALSE,2.1
"Zone","Ituri","Nyankunde","2026-07-23",114,30,0,0,26.3,FALSE,2.1
"Zone","Ituri","Rimba","2026-05-26",0,NA,NA,NA,NA,FALSE,NA
"Zone","Ituri","Rimba","2026-05-27",0,NA,0,NA,NA,FALSE,NA
"Zone","Ituri","Rimba","2026-06-02",3,0,3,NA,0,FALSE,NA
"Zone","Ituri","Rimba","2026-06-04",3,0,0,0,0,FALSE,NA
"Zone","Ituri","Rimba","2026-06-05",3,0,0,0,0,FALSE,NA
"Zone","Ituri","Rimba","2026-06-06",3,0,0,0,0,FALSE,NA
"Zone","Ituri","Rimba","2026-06-07",3,0,0,0,0,FALSE,NA
"Zone","Ituri","Rimba","2026-06-08",3,0,0,0,0,FALSE,0.4
"Zone","Ituri","Rimba","2026-06-09",3,0,0,0,0,FALSE,0.4
"Zone","Ituri","Rimba","2026-06-10",3,0,0,0,0,FALSE,0
"Zone","Ituri","Rimba","2026-06-11",3,0,0,0,0,FALSE,0
"Zone","Ituri","Rimba","2026-06-13",3,0,0,0,0,FALSE,0
"Zone","Ituri","Rimba","2026-06-14",3,0,0,0,0,FALSE,0
"Zone","Ituri","Rimba","2026-06-15",3,0,0,0,0,FALSE,0
"Zone","Ituri","Rimba","2026-06-16",3,NA,0,NA,NA,FALSE,0
"Zone","Ituri","Rimba","2026-06-17",3,0,0,NA,0,FALSE,0
"Zone","Ituri","Rimba","2026-06-18",3,0,0,0,0,FALSE,0
"Zone","Ituri","Rimba","2026-06-19",3,0,0,0,0,FALSE,0
"Zone","Ituri","Rimba","2026-06-20",3,0,0,0,0,FALSE,0
"Zone","Ituri","Rimba","2026-06-21",3,0,0,0,0,FALSE,0
"Zone","Ituri","Rimba","2026-06-22",3,0,0,0,0,FALSE,0
"Zone","Ituri","Rimba","2026-06-23",3,0,0,0,0,FALSE,0
"Zone","Ituri","Rimba","2026-06-24",3,0,0,0,0,FALSE,0
"Zone","Ituri","Rimba","2026-06-25",3,0,0,0,0,FALSE,0
"Zone","Ituri","Rimba","2026-06-29",3,0,0,0,0,FALSE,0
"Zone","Ituri","Rimba","2026-06-30",3,0,0,0,0,FALSE,0
"Zone","Ituri","Rimba","2026-07-01",3,0,0,0,0,FALSE,0
"Zone","Ituri","Rimba","2026-07-02",3,0,0,0,0,FALSE,0
"Zone","Ituri","Rimba","2026-07-03",3,0,0,0,0,FALSE,0
"Zone","Ituri","Rimba","2026-07-04",3,0,0,0,0,FALSE,0
"Zone","Ituri","Rimba","2026-07-05",4,0,1,0,0,FALSE,0.1
"Zone","Ituri","Rimba","2026-07-06",4,0,0,0,0,FALSE,0.1
"Zone","Ituri","Rimba","2026-07-07",4,0,0,0,0,FALSE,0.1
"Zone","Ituri","Rimba","2026-07-08",4,0,0,0,0,FALSE,0.1
"Zone","Ituri","Rimba","2026-07-09",4,0,0,0,0,FALSE,0.1
"Zone","Ituri","Rimba","2026-07-10",4,0,0,0,0,FALSE,0.1
"Zone","Ituri","Rimba","2026-07-13",4,0,0,0,0,FALSE,0.1
"Zone","Ituri","Rimba","2026-07-15",4,0,0,0,0,FALSE,0
"Zone","Ituri","Rimba","2026-07-17",5,0,1,0,0,FALSE,0.1
"Zone","Ituri","Rimba","2026-07-18",5,0,0,0,0,FALSE,0.1
"Zone","Ituri","Rimba","2026-07-19",5,0,0,0,0,FALSE,0.1
"Zone","Ituri","Rimba","2026-07-20",5,0,0,0,0,FALSE,0.1
"Zone","Ituri","Rimba","2026-07-22",7,4,2,4,57.1,FALSE,0.4
"Zone","Ituri","Rimba","2026-07-23",7,4,0,0,57.1,FALSE,0.4
"Zone","Ituri","Rwampara","2026-05-15",13,NA,NA,NA,NA,FALSE,NA
"Zone","Ituri","Rwampara","2026-05-18",19,NA,6,NA,NA,FALSE,NA
"Zone","Ituri","Rwampara","2026-05-19",25,0,6,NA,0,FALSE,NA
"Zone","Ituri","Rwampara","2026-05-20",24,0,-1,0,0,TRUE,NA
"Zone","Ituri","Rwampara","2026-05-21",31,1,7,1,3.2,FALSE,NA
"Zone","Ituri","Rwampara","2026-05-22",32,2,1,1,6.2,FALSE,NA
"Zone","Ituri","Rwampara","2026-05-23",32,2,0,0,6.2,FALSE,NA
"Zone","Ituri","Rwampara","2026-05-24",32,2,0,0,6.2,FALSE,2.9
"Zone","Ituri","Rwampara","2026-05-25",32,2,0,0,6.2,FALSE,2
"Zone","Ituri","Rwampara","2026-05-26",33,2,1,0,6.1,FALSE,1.3
"Zone","Ituri","Rwampara","2026-05-27",33,2,0,0,6.1,FALSE,1.3
"Zone","Ituri","Rwampara","2026-05-28",65,13,32,11,20,FALSE,4.9
"Zone","Ituri","Rwampara","2026-05-29",65,13,0,0,20,FALSE,4.7
"Zone","Ituri","Rwampara","2026-05-30",65,13,0,0,20,FALSE,4.7
"Zone","Ituri","Rwampara","2026-06-01",65,13,0,0,20,FALSE,4.7
"Zone","Ituri","Rwampara","2026-06-02",72,15,7,2,20.8,FALSE,5.7
"Zone","Ituri","Rwampara","2026-06-03",76,16,4,1,21.1,FALSE,6.1
"Zone","Ituri","Rwampara","2026-06-04",86,18,10,2,20.9,FALSE,7.6
"Zone","Ituri","Rwampara","2026-06-05",93,19,7,1,20.4,FALSE,4
"Zone","Ituri","Rwampara","2026-06-06",98,19,5,0,19.4,FALSE,4.7
"Zone","Ituri","Rwampara","2026-06-07",111,20,13,1,18,FALSE,6.6
"Zone","Ituri","Rwampara","2026-06-08",122,20,11,0,16.4,FALSE,8.1
"Zone","Ituri","Rwampara","2026-06-09",133,25,11,5,18.8,FALSE,8.7
"Zone","Ituri","Rwampara","2026-06-10",137,25,4,0,18.2,FALSE,8.7
"Zone","Ituri","Rwampara","2026-06-11",142,26,5,1,18.3,FALSE,8
"Zone","Ituri","Rwampara","2026-06-13",149,27,7,1,18.1,FALSE,8
"Zone","Ituri","Rwampara","2026-06-14",152,27,3,0,17.8,FALSE,7.7
"Zone","Ituri","Rwampara","2026-06-15",192,27,40,0,14.1,FALSE,11.6
"Zone","Ituri","Rwampara","2026-06-16",172,NA,-20,NA,NA,TRUE,10
"Zone","Ituri","Rwampara","2026-06-17",195,33,23,NA,16.9,FALSE,11.7
"Zone","Ituri","Rwampara","2026-06-18",199,35,4,2,17.6,FALSE,11.7
"Zone","Ituri","Rwampara","2026-06-19",201,35,2,0,17.4,FALSE,11.3
"Zone","Ituri","Rwampara","2026-06-20",211,35,10,0,16.6,FALSE,11.7
"Zone","Ituri","Rwampara","2026-06-21",215,36,4,1,16.7,FALSE,11.9
"Zone","Ituri","Rwampara","2026-06-22",225,37,10,1,16.4,FALSE,7.6
"Zone","Ituri","Rwampara","2026-06-23",225,37,0,0,16.4,FALSE,7.6
"Zone","Ituri","Rwampara","2026-06-24",237,40,12,3,16.9,FALSE,6
"Zone","Ituri","Rwampara","2026-06-25",258,43,21,3,16.7,FALSE,8.4
"Zone","Ituri","Rwampara","2026-06-29",295,60,37,17,20.3,FALSE,13.4
"Zone","Ituri","Rwampara","2026-06-30",301,61,6,1,20.3,FALSE,12.9
"Zone","Ituri","Rwampara","2026-07-01",308,63,7,2,20.5,FALSE,13.3
"Zone","Ituri","Rwampara","2026-07-02",322,67,14,4,20.8,FALSE,13.9
"Zone","Ituri","Rwampara","2026-07-03",333,69,11,2,20.7,FALSE,15.4
"Zone","Ituri","Rwampara","2026-07-04",344,71,11,2,20.6,FALSE,15.3
"Zone","Ituri","Rwampara","2026-07-05",349,72,5,1,20.6,FALSE,13
"Zone","Ituri","Rwampara","2026-07-06",357,75,8,3,21,FALSE,8.9
"Zone","Ituri","Rwampara","2026-07-07",364,76,7,1,20.9,FALSE,9
"Zone","Ituri","Rwampara","2026-07-08",370,80,6,4,21.6,FALSE,8.9
"Zone","Ituri","Rwampara","2026-07-09",373,83,3,3,22.3,FALSE,7.3
"Zone","Ituri","Rwampara","2026-07-10",384,89,11,6,23.2,FALSE,7.3
"Zone","Ituri","Rwampara","2026-07-11",393,90,9,1,22.9,FALSE,7
"Zone","Ituri","Rwampara","2026-07-13",405,95,12,5,23.5,FALSE,8
"Zone","Ituri","Rwampara","2026-07-15",418,104,13,9,24.9,FALSE,8.7
"Zone","Ituri","Rwampara","2026-07-17",430,116,12,12,27,FALSE,9.4
"Zone","Ituri","Rwampara","2026-07-18",440,124,10,8,28.2,FALSE,10
"Zone","Ituri","Rwampara","2026-07-19",450,133,10,9,29.6,FALSE,11
"Zone","Ituri","Rwampara","2026-07-20",457,140,7,7,30.6,FALSE,10.4
"Zone","Ituri","Rwampara","2026-07-22",481,231,24,91,48,FALSE,12.6
"Zone","Ituri","Rwampara","2026-07-23",490,236,9,5,48.2,FALSE,12.1
"Zone","Ituri","Tchomia","2026-06-09",2,0,NA,NA,0,FALSE,NA
"Zone","Ituri","Tchomia","2026-06-10",2,0,0,0,0,FALSE,NA
"Zone","Ituri","Tchomia","2026-06-11",2,0,0,0,0,FALSE,NA
"Zone","Ituri","Tchomia","2026-06-13",2,0,0,0,0,FALSE,NA
"Zone","Ituri","Tchomia","2026-06-14",2,0,0,0,0,FALSE,NA
"Zone","Ituri","Tchomia","2026-06-15",2,0,0,0,0,FALSE,NA
"Zone","Ituri","Tchomia","2026-06-16",5,NA,3,NA,NA,FALSE,NA
"Zone","Ituri","Tchomia","2026-06-17",5,0,0,NA,0,FALSE,0.4
"Zone","Ituri","Tchomia","2026-06-18",5,0,0,0,0,FALSE,0.4
"Zone","Ituri","Tchomia","2026-06-19",5,0,0,0,0,FALSE,0.4
"Zone","Ituri","Tchomia","2026-06-20",5,0,0,0,0,FALSE,0.4
"Zone","Ituri","Tchomia","2026-06-21",7,0,2,0,0,FALSE,0.7
"Zone","Ituri","Tchomia","2026-06-22",8,0,1,0,0,FALSE,0.9
"Zone","Ituri","Tchomia","2026-06-23",8,0,0,0,0,FALSE,0.4
"Zone","Ituri","Tchomia","2026-06-24",9,0,1,0,0,FALSE,0.6
"Zone","Ituri","Tchomia","2026-06-25",10,0,1,0,0,FALSE,0.7
"Zone","Ituri","Tchomia","2026-06-29",13,2,3,2,15.4,FALSE,1.1
"Zone","Ituri","Tchomia","2026-06-30",14,2,1,0,14.3,FALSE,1.3
"Zone","Ituri","Tchomia","2026-07-01",14,2,0,0,14.3,FALSE,1
"Zone","Ituri","Tchomia","2026-07-02",15,2,1,0,13.3,FALSE,1
"Zone","Ituri","Tchomia","2026-07-03",15,2,0,0,13.3,FALSE,1
"Zone","Ituri","Tchomia","2026-07-04",15,2,0,0,13.3,FALSE,0.9
"Zone","Ituri","Tchomia","2026-07-05",15,2,0,0,13.3,FALSE,0.7
"Zone","Ituri","Tchomia","2026-07-06",15,2,0,0,13.3,FALSE,0.3
"Zone","Ituri","Tchomia","2026-07-07",15,2,0,0,13.3,FALSE,0.1
"Zone","Ituri","Tchomia","2026-07-08",15,2,0,0,13.3,FALSE,0.1
"Zone","Ituri","Tchomia","2026-07-09",17,4,2,2,23.5,FALSE,0.3
"Zone","Ituri","Tchomia","2026-07-10",19,4,2,0,21.1,FALSE,0.6
"Zone","Ituri","Tchomia","2026-07-11",19,4,0,0,21.1,FALSE,0.6
"Zone","Ituri","Tchomia","2026-07-13",19,4,0,0,21.1,FALSE,0.6
"Zone","Ituri","Tchomia","2026-07-15",19,4,0,0,21.1,FALSE,0.6
"Zone","Ituri","Tchomia","2026-07-17",21,5,2,1,23.8,FALSE,0.9
"Zone","Ituri","Tchomia","2026-07-18",22,5,1,0,22.7,FALSE,1
"Zone","Ituri","Tchomia","2026-07-19",23,6,1,1,26.1,FALSE,0.9
"Zone","Ituri","Tchomia","2026-07-20",23,7,0,1,30.4,FALSE,0.6
"Zone","Ituri","Tchomia","2026-07-22",39,24,16,17,61.5,FALSE,2.9
"Zone","Ituri","Tchomia","2026-07-23",40,24,1,0,60,FALSE,3
"Zone","Nord-Kivu","Beni","2026-05-28",2,0,NA,NA,0,FALSE,NA
"Zone","Nord-Kivu","Beni","2026-05-29",2,0,0,0,0,FALSE,NA
"Zone","Nord-Kivu","Beni","2026-05-30",2,0,0,0,0,FALSE,NA
"Zone","Nord-Kivu","Beni","2026-06-01",5,3,3,3,60,FALSE,NA
"Zone","Nord-Kivu","Beni","2026-06-02",5,3,0,0,60,FALSE,NA
"Zone","Nord-Kivu","Beni","2026-06-03",5,3,0,0,60,FALSE,NA
"Zone","Nord-Kivu","Beni","2026-06-04",5,3,0,0,60,FALSE,NA
"Zone","Nord-Kivu","Beni","2026-06-05",5,3,0,0,60,FALSE,0.4
"Zone","Nord-Kivu","Beni","2026-06-06",5,3,0,0,60,FALSE,0.4
"Zone","Nord-Kivu","Beni","2026-06-07",9,7,4,4,77.8,FALSE,1
"Zone","Nord-Kivu","Beni","2026-06-08",9,7,0,0,77.8,FALSE,0.6
"Zone","Nord-Kivu","Beni","2026-06-09",9,7,0,0,77.8,FALSE,0.6
"Zone","Nord-Kivu","Beni","2026-06-10",9,7,0,0,77.8,FALSE,0.6
"Zone","Nord-Kivu","Beni","2026-06-11",9,5,0,-2,55.6,FALSE,0.6
"Zone","Nord-Kivu","Beni","2026-06-13",14,10,5,5,71.4,FALSE,1.3
"Zone","Nord-Kivu","Beni","2026-06-14",14,10,0,0,71.4,FALSE,1.3
"Zone","Nord-Kivu","Beni","2026-06-15",14,10,0,0,71.4,FALSE,0.7
"Zone","Nord-Kivu","Beni","2026-06-16",14,NA,0,NA,NA,FALSE,0.7
"Zone","Nord-Kivu","Beni","2026-06-17",15,12,1,NA,80,FALSE,0.9
"Zone","Nord-Kivu","Beni","2026-06-18",16,12,1,0,75,FALSE,1
"Zone","Nord-Kivu","Beni","2026-06-19",16,12,0,0,75,FALSE,1
"Zone","Nord-Kivu","Beni","2026-06-20",17,12,1,0,70.6,FALSE,0.4
"Zone","Nord-Kivu","Beni","2026-06-21",18,12,1,0,66.7,FALSE,0.6
"Zone","Nord-Kivu","Beni","2026-06-22",20,12,2,0,60,FALSE,0.9
"Zone","Nord-Kivu","Beni","2026-06-23",20,12,0,0,60,FALSE,0.9
"Zone","Nord-Kivu","Beni","2026-06-24",20,12,0,0,60,FALSE,0.7
"Zone","Nord-Kivu","Beni","2026-06-25",22,13,2,1,59.1,FALSE,0.9
"Zone","Nord-Kivu","Beni","2026-06-29",22,14,0,1,63.6,FALSE,0.9
"Zone","Nord-Kivu","Beni","2026-06-30",24,15,2,1,62.5,FALSE,1
"Zone","Nord-Kivu","Beni","2026-07-01",26,15,2,0,57.7,FALSE,1.1
"Zone","Nord-Kivu","Beni","2026-07-02",28,16,2,1,57.1,FALSE,1.1
"Zone","Nord-Kivu","Beni","2026-07-03",29,17,1,1,58.6,FALSE,1.3
"Zone","Nord-Kivu","Beni","2026-07-04",29,17,0,0,58.6,FALSE,1.3
"Zone","Nord-Kivu","Beni","2026-07-05",29,17,0,0,58.6,FALSE,1
"Zone","Nord-Kivu","Beni","2026-07-06",29,19,0,2,65.5,FALSE,1
"Zone","Nord-Kivu","Beni","2026-07-07",29,19,0,0,65.5,FALSE,0.7
"Zone","Nord-Kivu","Beni","2026-07-08",29,19,0,0,65.5,FALSE,0.4
"Zone","Nord-Kivu","Beni","2026-07-09",30,20,1,1,66.7,FALSE,0.3
"Zone","Nord-Kivu","Beni","2026-07-10",30,20,0,0,66.7,FALSE,0.1
"Zone","Nord-Kivu","Beni","2026-07-11",30,20,0,0,66.7,FALSE,0.1
"Zone","Nord-Kivu","Beni","2026-07-13",31,20,1,0,64.5,FALSE,0.3
"Zone","Nord-Kivu","Beni","2026-07-15",33,22,2,2,66.7,FALSE,0.6
"Zone","Nord-Kivu","Beni","2026-07-17",34,24,1,2,70.6,FALSE,0.7
"Zone","Nord-Kivu","Beni","2026-07-18",37,25,3,1,67.6,FALSE,1.1
"Zone","Nord-Kivu","Beni","2026-07-19",37,25,0,0,67.6,FALSE,1
"Zone","Nord-Kivu","Beni","2026-07-20",37,25,0,0,67.6,FALSE,1
"Zone","Nord-Kivu","Beni","2026-07-22",41,29,4,4,70.7,FALSE,1.6
"Zone","Nord-Kivu","Beni","2026-07-23",42,29,1,0,69,FALSE,1.6
"Zone","Nord-Kivu","Butembo","2026-05-18",1,NA,NA,NA,NA,FALSE,NA
"Zone","Nord-Kivu","Butembo","2026-05-19",1,NA,0,NA,NA,FALSE,NA
"Zone","Nord-Kivu","Butembo","2026-05-20",1,NA,0,NA,NA,FALSE,NA
"Zone","Nord-Kivu","Butembo","2026-05-21",2,0,1,NA,0,FALSE,NA
"Zone","Nord-Kivu","Butembo","2026-05-22",2,0,0,0,0,FALSE,NA
"Zone","Nord-Kivu","Butembo","2026-05-23",1,0,-1,0,0,TRUE,NA
"Zone","Nord-Kivu","Butembo","2026-05-24",3,0,2,0,0,FALSE,NA
"Zone","Nord-Kivu","Butembo","2026-05-25",3,NA,0,NA,NA,FALSE,0.4
"Zone","Nord-Kivu","Butembo","2026-05-26",3,0,0,NA,0,FALSE,0.4
"Zone","Nord-Kivu","Butembo","2026-05-27",5,0,2,0,0,FALSE,0.7
"Zone","Nord-Kivu","Butembo","2026-05-28",5,2,0,2,40,FALSE,0.6
"Zone","Nord-Kivu","Butembo","2026-05-29",5,2,0,0,40,FALSE,0.6
"Zone","Nord-Kivu","Butembo","2026-05-30",5,2,0,0,40,FALSE,0.6
"Zone","Nord-Kivu","Butembo","2026-06-01",2,2,-3,0,100,TRUE,0.3
"Zone","Nord-Kivu","Butembo","2026-06-02",2,2,0,0,100,FALSE,0.3
"Zone","Nord-Kivu","Butembo","2026-06-03",2,2,0,0,100,FALSE,0.3
"Zone","Nord-Kivu","Butembo","2026-06-04",4,2,2,0,50,FALSE,0.3
"Zone","Nord-Kivu","Butembo","2026-06-05",4,2,0,0,50,FALSE,0.3
"Zone","Nord-Kivu","Butembo","2026-06-06",4,2,0,0,50,FALSE,0.3
"Zone","Nord-Kivu","Butembo","2026-06-07",4,2,0,0,50,FALSE,0.3
"Zone","Nord-Kivu","Butembo","2026-06-08",6,4,2,2,66.7,FALSE,0.6
"Zone","Nord-Kivu","Butembo","2026-06-09",6,4,0,0,66.7,FALSE,0.6
"Zone","Nord-Kivu","Butembo","2026-06-10",9,5,3,1,55.6,FALSE,1
"Zone","Nord-Kivu","Butembo","2026-06-11",7,5,-2,0,71.4,TRUE,0.7
"Zone","Nord-Kivu","Butembo","2026-06-13",18,7,11,2,38.9,FALSE,2.3
"Zone","Nord-Kivu","Butembo","2026-06-14",19,7,1,0,36.8,FALSE,2.4
"Zone","Nord-Kivu","Butembo","2026-06-15",19,7,0,0,36.8,FALSE,2.4
"Zone","Nord-Kivu","Butembo","2026-06-16",24,NA,5,NA,NA,FALSE,2.9
"Zone","Nord-Kivu","Butembo","2026-06-17",25,11,1,NA,44,FALSE,3
"Zone","Nord-Kivu","Butembo","2026-06-18",25,11,0,0,44,FALSE,2.6
"Zone","Nord-Kivu","Butembo","2026-06-19",25,11,0,0,44,FALSE,2.6
"Zone","Nord-Kivu","Butembo","2026-06-20",27,13,2,2,48.1,FALSE,1.3
"Zone","Nord-Kivu","Butembo","2026-06-21",28,13,1,0,46.4,FALSE,1.3
"Zone","Nord-Kivu","Butembo","2026-06-22",28,13,0,0,46.4,FALSE,1.3
"Zone","Nord-Kivu","Butembo","2026-06-23",29,13,1,0,44.8,FALSE,0.7
"Zone","Nord-Kivu","Butembo","2026-06-24",31,13,2,0,41.9,FALSE,0.9
"Zone","Nord-Kivu","Butembo","2026-06-25",33,14,2,1,42.4,FALSE,1.1
"Zone","Nord-Kivu","Butembo","2026-06-29",34,14,1,0,41.2,FALSE,1.3
"Zone","Nord-Kivu","Butembo","2026-06-30",34,15,0,1,44.1,FALSE,1
"Zone","Nord-Kivu","Butembo","2026-07-01",34,15,0,0,44.1,FALSE,0.9
"Zone","Nord-Kivu","Butembo","2026-07-02",38,16,4,1,42.1,FALSE,1.4
"Zone","Nord-Kivu","Butembo","2026-07-03",40,18,2,2,45,FALSE,1.6
"Zone","Nord-Kivu","Butembo","2026-07-04",40,18,0,0,45,FALSE,1.3
"Zone","Nord-Kivu","Butembo","2026-07-05",40,18,0,0,45,FALSE,1
"Zone","Nord-Kivu","Butembo","2026-07-06",41,20,1,2,48.8,FALSE,1
"Zone","Nord-Kivu","Butembo","2026-07-07",42,20,1,0,47.6,FALSE,1.1
"Zone","Nord-Kivu","Butembo","2026-07-08",42,20,0,0,47.6,FALSE,1.1
"Zone","Nord-Kivu","Butembo","2026-07-09",43,20,1,0,46.5,FALSE,0.7
"Zone","Nord-Kivu","Butembo","2026-07-10",43,20,0,0,46.5,FALSE,0.4
"Zone","Nord-Kivu","Butembo","2026-07-11",44,21,1,1,47.7,FALSE,0.6
"Zone","Nord-Kivu","Butembo","2026-07-13",46,22,2,1,47.8,FALSE,0.9
"Zone","Nord-Kivu","Butembo","2026-07-15",52,26,6,4,50,FALSE,1.6
"Zone","Nord-Kivu","Butembo","2026-07-17",55,27,3,1,49.1,FALSE,1.9
"Zone","Nord-Kivu","Butembo","2026-07-18",57,29,2,2,50.9,FALSE,2.1
"Zone","Nord-Kivu","Butembo","2026-07-19",58,30,1,1,51.7,FALSE,2.1
"Zone","Nord-Kivu","Butembo","2026-07-20",61,31,3,1,50.8,FALSE,2.6
"Zone","Nord-Kivu","Butembo","2026-07-22",62,39,1,8,62.9,FALSE,2.6
"Zone","Nord-Kivu","Butembo","2026-07-23",63,41,1,2,65.1,FALSE,2.4
"Zone","Nord-Kivu","Goma","2026-05-18",1,NA,NA,NA,NA,FALSE,NA
"Zone","Nord-Kivu","Goma","2026-05-19",1,NA,0,NA,NA,FALSE,NA
"Zone","Nord-Kivu","Goma","2026-05-20",1,NA,0,NA,NA,FALSE,NA
"Zone","Nord-Kivu","Goma","2026-05-21",1,0,0,NA,0,FALSE,NA
"Zone","Nord-Kivu","Goma","2026-05-22",1,0,0,0,0,FALSE,NA
"Zone","Nord-Kivu","Goma","2026-05-23",1,0,0,0,0,FALSE,NA
"Zone","Nord-Kivu","Goma","2026-05-24",1,0,0,0,0,FALSE,NA
"Zone","Nord-Kivu","Goma","2026-05-25",1,0,0,0,0,FALSE,0
"Zone","Nord-Kivu","Goma","2026-05-26",1,0,0,0,0,FALSE,0
"Zone","Nord-Kivu","Goma","2026-05-27",1,0,0,0,0,FALSE,0
"Zone","Nord-Kivu","Goma","2026-05-28",1,0,0,0,0,FALSE,0
"Zone","Nord-Kivu","Goma","2026-05-29",1,0,0,0,0,FALSE,0
"Zone","Nord-Kivu","Goma","2026-05-30",1,0,0,0,0,FALSE,0
"Zone","Nord-Kivu","Goma","2026-06-01",1,0,0,0,0,FALSE,0
"Zone","Nord-Kivu","Goma","2026-06-02",1,0,0,0,0,FALSE,0
"Zone","Nord-Kivu","Goma","2026-06-03",1,0,0,0,0,FALSE,0
"Zone","Nord-Kivu","Goma","2026-06-04",1,0,0,0,0,FALSE,0
"Zone","Nord-Kivu","Goma","2026-06-05",1,0,0,0,0,FALSE,0
"Zone","Nord-Kivu","Goma","2026-06-06",1,0,0,0,0,FALSE,0
"Zone","Nord-Kivu","Goma","2026-06-07",1,0,0,0,0,FALSE,0
"Zone","Nord-Kivu","Goma","2026-06-08",1,0,0,0,0,FALSE,0
"Zone","Nord-Kivu","Goma","2026-06-09",1,0,0,0,0,FALSE,0
"Zone","Nord-Kivu","Goma","2026-06-10",1,0,0,0,0,FALSE,0
"Zone","Nord-Kivu","Goma","2026-06-11",1,1,0,1,100,FALSE,0
"Zone","Nord-Kivu","Goma","2026-06-13",1,0,0,-1,0,FALSE,0
"Zone","Nord-Kivu","Goma","2026-06-14",1,0,0,0,0,FALSE,0
"Zone","Nord-Kivu","Goma","2026-06-15",1,0,0,0,0,FALSE,0
"Zone","Nord-Kivu","Goma","2026-06-16",1,NA,0,NA,NA,FALSE,0
"Zone","Nord-Kivu","Goma","2026-06-17",1,0,0,NA,0,FALSE,0
"Zone","Nord-Kivu","Goma","2026-06-18",1,0,0,0,0,FALSE,0
"Zone","Nord-Kivu","Goma","2026-06-19",1,0,0,0,0,FALSE,0
"Zone","Nord-Kivu","Goma","2026-06-20",1,0,0,0,0,FALSE,0
"Zone","Nord-Kivu","Goma","2026-06-21",1,0,0,0,0,FALSE,0
"Zone","Nord-Kivu","Goma","2026-06-22",1,0,0,0,0,FALSE,0
"Zone","Nord-Kivu","Goma","2026-06-23",1,0,0,0,0,FALSE,0
"Zone","Nord-Kivu","Goma","2026-06-24",1,0,0,0,0,FALSE,0
"Zone","Nord-Kivu","Goma","2026-06-25",1,0,0,0,0,FALSE,0
"Zone","Nord-Kivu","Goma","2026-06-29",1,0,0,0,0,FALSE,0
"Zone","Nord-Kivu","Goma","2026-06-30",1,0,0,0,0,FALSE,0
"Zone","Nord-Kivu","Goma","2026-07-01",1,0,0,0,0,FALSE,0
"Zone","Nord-Kivu","Goma","2026-07-02",2,0,1,0,0,FALSE,0.1
"Zone","Nord-Kivu","Goma","2026-07-03",1,0,-1,0,0,TRUE,0.1
"Zone","Nord-Kivu","Goma","2026-07-04",1,0,0,0,0,FALSE,0.1
"Zone","Nord-Kivu","Goma","2026-07-05",1,0,0,0,0,FALSE,0.1
"Zone","Nord-Kivu","Goma","2026-07-06",1,0,0,0,0,FALSE,0.1
"Zone","Nord-Kivu","Goma","2026-07-07",1,0,0,0,0,FALSE,0.1
"Zone","Nord-Kivu","Goma","2026-07-08",1,0,0,0,0,FALSE,0.1
"Zone","Nord-Kivu","Goma","2026-07-09",1,0,0,0,0,FALSE,0
"Zone","Nord-Kivu","Goma","2026-07-10",1,0,0,0,0,FALSE,0
"Zone","Nord-Kivu","Goma","2026-07-11",1,0,0,0,0,FALSE,0
"Zone","Nord-Kivu","Goma","2026-07-13",1,0,0,0,0,FALSE,0
"Zone","Nord-Kivu","Goma","2026-07-15",1,0,0,0,0,FALSE,0
"Zone","Nord-Kivu","Goma","2026-07-17",1,0,0,0,0,FALSE,0
"Zone","Nord-Kivu","Goma","2026-07-18",1,0,0,0,0,FALSE,0
"Zone","Nord-Kivu","Goma","2026-07-19",1,0,0,0,0,FALSE,0
"Zone","Nord-Kivu","Goma","2026-07-20",1,0,0,0,0,FALSE,0
"Zone","Nord-Kivu","Goma","2026-07-22",1,0,0,0,0,FALSE,0
"Zone","Nord-Kivu","Goma","2026-07-23",1,0,0,0,0,FALSE,0
"Zone","Nord-Kivu","Kalunguta","2026-05-24",1,NA,NA,NA,NA,FALSE,NA
"Zone","Nord-Kivu","Kalunguta","2026-05-25",1,NA,0,NA,NA,FALSE,NA
"Zone","Nord-Kivu","Kalunguta","2026-05-26",1,NA,0,NA,NA,FALSE,NA
"Zone","Nord-Kivu","Kalunguta","2026-05-27",2,NA,1,NA,NA,FALSE,NA
"Zone","Nord-Kivu","Kalunguta","2026-05-28",1,1,-1,NA,100,TRUE,NA
"Zone","Nord-Kivu","Kalunguta","2026-05-29",1,1,0,0,100,FALSE,NA
"Zone","Nord-Kivu","Kalunguta","2026-05-30",1,1,0,0,100,FALSE,NA
"Zone","Nord-Kivu","Kalunguta","2026-06-01",1,1,0,0,100,FALSE,0.1
"Zone","Nord-Kivu","Kalunguta","2026-06-02",1,1,0,0,100,FALSE,0.1
"Zone","Nord-Kivu","Kalunguta","2026-06-03",1,1,0,0,100,FALSE,0.1
"Zone","Nord-Kivu","Kalunguta","2026-06-04",1,1,0,0,100,FALSE,0
"Zone","Nord-Kivu","Kalunguta","2026-06-05",1,1,0,0,100,FALSE,0
"Zone","Nord-Kivu","Kalunguta","2026-06-06",1,1,0,0,100,FALSE,0
"Zone","Nord-Kivu","Kalunguta","2026-06-07",1,1,0,0,100,FALSE,0
"Zone","Nord-Kivu","Kalunguta","2026-06-08",1,1,0,0,100,FALSE,0
"Zone","Nord-Kivu","Kalunguta","2026-06-09",1,1,0,0,100,FALSE,0
"Zone","Nord-Kivu","Kalunguta","2026-06-10",1,1,0,0,100,FALSE,0
"Zone","Nord-Kivu","Kalunguta","2026-06-11",1,1,0,0,100,FALSE,0
"Zone","Nord-Kivu","Kalunguta","2026-06-13",1,1,0,0,100,FALSE,0
"Zone","Nord-Kivu","Kalunguta","2026-06-14",1,1,0,0,100,FALSE,0
"Zone","Nord-Kivu","Kalunguta","2026-06-15",1,1,0,0,100,FALSE,0
"Zone","Nord-Kivu","Kalunguta","2026-06-16",2,NA,1,NA,NA,FALSE,0.1
"Zone","Nord-Kivu","Kalunguta","2026-06-17",2,1,0,NA,50,FALSE,0.1
"Zone","Nord-Kivu","Kalunguta","2026-06-18",2,1,0,0,50,FALSE,0.1
"Zone","Nord-Kivu","Kalunguta","2026-06-19",2,1,0,0,50,FALSE,0.1
"Zone","Nord-Kivu","Kalunguta","2026-06-20",2,1,0,0,50,FALSE,0.1
"Zone","Nord-Kivu","Kalunguta","2026-06-21",2,1,0,0,50,FALSE,0.1
"Zone","Nord-Kivu","Kalunguta","2026-06-22",2,1,0,0,50,FALSE,0.1
"Zone","Nord-Kivu","Kalunguta","2026-06-23",2,1,0,0,50,FALSE,0
"Zone","Nord-Kivu","Kalunguta","2026-06-24",2,1,0,0,50,FALSE,0
"Zone","Nord-Kivu","Kalunguta","2026-06-25",2,1,0,0,50,FALSE,0
"Zone","Nord-Kivu","Kalunguta","2026-06-29",2,1,0,0,50,FALSE,0
"Zone","Nord-Kivu","Kalunguta","2026-06-30",2,1,0,0,50,FALSE,0
"Zone","Nord-Kivu","Kalunguta","2026-07-01",2,1,0,0,50,FALSE,0
"Zone","Nord-Kivu","Kalunguta","2026-07-02",2,1,0,0,50,FALSE,0
"Zone","Nord-Kivu","Kalunguta","2026-07-03",2,1,0,0,50,FALSE,0
"Zone","Nord-Kivu","Kalunguta","2026-07-04",2,1,0,0,50,FALSE,0
"Zone","Nord-Kivu","Kalunguta","2026-07-05",2,1,0,0,50,FALSE,0
"Zone","Nord-Kivu","Kalunguta","2026-07-06",2,1,0,0,50,FALSE,0
"Zone","Nord-Kivu","Kalunguta","2026-07-07",2,1,0,0,50,FALSE,0
"Zone","Nord-Kivu","Kalunguta","2026-07-08",2,1,0,0,50,FALSE,0
"Zone","Nord-Kivu","Kalunguta","2026-07-09",2,1,0,0,50,FALSE,0
"Zone","Nord-Kivu","Kalunguta","2026-07-10",2,1,0,0,50,FALSE,0
"Zone","Nord-Kivu","Kalunguta","2026-07-11",2,1,0,0,50,FALSE,0
"Zone","Nord-Kivu","Kalunguta","2026-07-13",2,1,0,0,50,FALSE,0
"Zone","Nord-Kivu","Kalunguta","2026-07-15",2,1,0,0,50,FALSE,0
"Zone","Nord-Kivu","Kalunguta","2026-07-17",2,1,0,0,50,FALSE,0
"Zone","Nord-Kivu","Kalunguta","2026-07-18",2,1,0,0,50,FALSE,0
"Zone","Nord-Kivu","Kalunguta","2026-07-19",2,1,0,0,50,FALSE,0
"Zone","Nord-Kivu","Kalunguta","2026-07-20",2,1,0,0,50,FALSE,0
"Zone","Nord-Kivu","Kalunguta","2026-07-22",4,3,2,2,75,FALSE,0.3
"Zone","Nord-Kivu","Kalunguta","2026-07-23",4,3,0,0,75,FALSE,0.3
"Zone","Nord-Kivu","Katwa","2026-05-18",1,NA,NA,NA,NA,FALSE,NA
"Zone","Nord-Kivu","Katwa","2026-05-19",1,NA,0,NA,NA,FALSE,NA
"Zone","Nord-Kivu","Katwa","2026-05-20",1,NA,0,NA,NA,FALSE,NA
"Zone","Nord-Kivu","Katwa","2026-05-21",1,0,0,NA,0,FALSE,NA
"Zone","Nord-Kivu","Katwa","2026-05-22",0,0,-1,0,NA,TRUE,NA
"Zone","Nord-Kivu","Katwa","2026-05-23",4,0,4,0,0,FALSE,NA
"Zone","Nord-Kivu","Katwa","2026-05-24",4,0,0,0,0,FALSE,NA
"Zone","Nord-Kivu","Katwa","2026-05-25",4,NA,0,NA,NA,FALSE,0.6
"Zone","Nord-Kivu","Katwa","2026-05-26",NA,0,NA,NA,NA,FALSE,NA
"Zone","Nord-Kivu","Katwa","2026-05-27",4,0,NA,0,0,FALSE,NA
"Zone","Nord-Kivu","Katwa","2026-05-28",4,3,0,3,75,FALSE,NA
"Zone","Nord-Kivu","Katwa","2026-05-29",4,3,0,0,75,FALSE,NA
"Zone","Nord-Kivu","Katwa","2026-05-30",4,3,0,0,75,FALSE,NA
"Zone","Nord-Kivu","Katwa","2026-06-01",7,5,3,2,71.4,FALSE,NA
"Zone","Nord-Kivu","Katwa","2026-06-02",7,5,0,0,71.4,FALSE,NA
"Zone","Nord-Kivu","Katwa","2026-06-03",7,5,0,0,71.4,FALSE,NA
"Zone","Nord-Kivu","Katwa","2026-06-04",11,7,4,2,63.6,FALSE,1
"Zone","Nord-Kivu","Katwa","2026-06-05",11,7,0,0,63.6,FALSE,1
"Zone","Nord-Kivu","Katwa","2026-06-06",11,8,0,1,72.7,FALSE,1
"Zone","Nord-Kivu","Katwa","2026-06-07",11,8,0,0,72.7,FALSE,1
"Zone","Nord-Kivu","Katwa","2026-06-08",12,8,1,0,66.7,FALSE,0.7
"Zone","Nord-Kivu","Katwa","2026-06-09",12,8,0,0,66.7,FALSE,0.7
"Zone","Nord-Kivu","Katwa","2026-06-10",18,10,6,2,55.6,FALSE,1.6
"Zone","Nord-Kivu","Katwa","2026-06-11",16,9,-2,-1,56.2,TRUE,1
"Zone","Nord-Kivu","Katwa","2026-06-13",21,12,5,3,57.1,FALSE,1.7
"Zone","Nord-Kivu","Katwa","2026-06-14",25,16,4,4,64,FALSE,2.3
"Zone","Nord-Kivu","Katwa","2026-06-15",25,16,0,0,64,FALSE,2.3
"Zone","Nord-Kivu","Katwa","2026-06-16",23,NA,-2,NA,NA,TRUE,2.1
"Zone","Nord-Kivu","Katwa","2026-06-17",24,16,1,NA,66.7,FALSE,2.3
"Zone","Nord-Kivu","Katwa","2026-06-18",24,16,0,0,66.7,FALSE,1.4
"Zone","Nord-Kivu","Katwa","2026-06-19",26,16,2,0,61.5,FALSE,1.7
"Zone","Nord-Kivu","Katwa","2026-06-20",28,17,2,1,60.7,FALSE,1.3
"Zone","Nord-Kivu","Katwa","2026-06-21",31,19,3,2,61.3,FALSE,1.1
"Zone","Nord-Kivu","Katwa","2026-06-22",32,19,1,0,59.4,FALSE,1.3
"Zone","Nord-Kivu","Katwa","2026-06-23",32,19,0,0,59.4,FALSE,1.3
"Zone","Nord-Kivu","Katwa","2026-06-24",33,20,1,1,60.6,FALSE,1.3
"Zone","Nord-Kivu","Katwa","2026-06-25",35,22,2,2,62.9,FALSE,1.6
"Zone","Nord-Kivu","Katwa","2026-06-29",45,27,10,5,60,FALSE,2.7
"Zone","Nord-Kivu","Katwa","2026-06-30",47,33,2,6,70.2,FALSE,2.7
"Zone","Nord-Kivu","Katwa","2026-07-01",49,33,2,0,67.3,FALSE,2.6
"Zone","Nord-Kivu","Katwa","2026-07-02",51,35,2,2,68.6,FALSE,2.7
"Zone","Nord-Kivu","Katwa","2026-07-03",51,37,0,2,72.5,FALSE,2.7
"Zone","Nord-Kivu","Katwa","2026-07-04",52,38,1,1,73.1,FALSE,2.7
"Zone","Nord-Kivu","Katwa","2026-07-05",52,38,0,0,73.1,FALSE,2.4
"Zone","Nord-Kivu","Katwa","2026-07-06",56,41,4,3,73.2,FALSE,1.6
"Zone","Nord-Kivu","Katwa","2026-07-07",61,41,5,0,67.2,FALSE,2
"Zone","Nord-Kivu","Katwa","2026-07-08",61,41,0,0,67.2,FALSE,1.7
"Zone","Nord-Kivu","Katwa","2026-07-09",66,45,5,4,68.2,FALSE,2.1
"Zone","Nord-Kivu","Katwa","2026-07-10",67,45,1,0,67.2,FALSE,2.3
"Zone","Nord-Kivu","Katwa","2026-07-11",71,47,4,2,66.2,FALSE,2.7
"Zone","Nord-Kivu","Katwa","2026-07-13",76,55,5,8,72.4,FALSE,3.4
"Zone","Nord-Kivu","Katwa","2026-07-15",82,59,6,4,72,FALSE,3.7
"Zone","Nord-Kivu","Katwa","2026-07-17",92,67,10,8,72.8,FALSE,4.4
"Zone","Nord-Kivu","Katwa","2026-07-18",98,71,6,4,72.4,FALSE,5.3
"Zone","Nord-Kivu","Katwa","2026-07-19",104,72,6,1,69.2,FALSE,5.4
"Zone","Nord-Kivu","Katwa","2026-07-20",108,74,4,2,68.5,FALSE,5.9
"Zone","Nord-Kivu","Katwa","2026-07-22",121,77,13,3,63.6,FALSE,7.1
"Zone","Nord-Kivu","Katwa","2026-07-23",133,85,12,8,63.9,FALSE,8.1
"Zone","Nord-Kivu","Kyondo","2026-05-25",1,NA,NA,NA,NA,FALSE,NA
"Zone","Nord-Kivu","Kyondo","2026-05-26",1,NA,0,NA,NA,FALSE,NA
"Zone","Nord-Kivu","Kyondo","2026-05-28",1,0,0,NA,0,FALSE,NA
"Zone","Nord-Kivu","Kyondo","2026-05-29",1,0,0,0,0,FALSE,NA
"Zone","Nord-Kivu","Kyondo","2026-05-30",1,0,0,0,0,FALSE,NA
"Zone","Nord-Kivu","Kyondo","2026-06-01",1,0,0,0,0,FALSE,NA
"Zone","Nord-Kivu","Kyondo","2026-06-02",1,0,0,0,0,FALSE,NA
"Zone","Nord-Kivu","Kyondo","2026-06-03",1,0,0,0,0,FALSE,0
"Zone","Nord-Kivu","Kyondo","2026-06-04",1,0,0,0,0,FALSE,0
"Zone","Nord-Kivu","Kyondo","2026-06-05",1,0,0,0,0,FALSE,0
"Zone","Nord-Kivu","Kyondo","2026-06-06",1,0,0,0,0,FALSE,0
"Zone","Nord-Kivu","Kyondo","2026-06-07",1,0,0,0,0,FALSE,0
"Zone","Nord-Kivu","Kyondo","2026-06-08",1,0,0,0,0,FALSE,0
"Zone","Nord-Kivu","Kyondo","2026-06-09",1,0,0,0,0,FALSE,0
"Zone","Nord-Kivu","Kyondo","2026-06-10",2,0,1,0,0,FALSE,0.1
"Zone","Nord-Kivu","Kyondo","2026-06-11",2,2,0,2,100,FALSE,0.1
"Zone","Nord-Kivu","Kyondo","2026-06-13",2,1,0,-1,50,FALSE,0.1
"Zone","Nord-Kivu","Kyondo","2026-06-14",2,1,0,0,50,FALSE,0.1
"Zone","Nord-Kivu","Kyondo","2026-06-15",2,1,0,0,50,FALSE,0.1
"Zone","Nord-Kivu","Kyondo","2026-06-16",2,NA,0,NA,NA,FALSE,0.1
"Zone","Nord-Kivu","Kyondo","2026-06-17",2,1,0,NA,50,FALSE,0.1
"Zone","Nord-Kivu","Kyondo","2026-06-18",2,1,0,0,50,FALSE,0
"Zone","Nord-Kivu","Kyondo","2026-06-19",2,1,0,0,50,FALSE,0
"Zone","Nord-Kivu","Kyondo","2026-06-20",2,1,0,0,50,FALSE,0
"Zone","Nord-Kivu","Kyondo","2026-06-21",3,1,1,0,33.3,FALSE,0.1
"Zone","Nord-Kivu","Kyondo","2026-06-22",3,1,0,0,33.3,FALSE,0.1
"Zone","Nord-Kivu","Kyondo","2026-06-23",3,2,0,1,66.7,FALSE,0.1
"Zone","Nord-Kivu","Kyondo","2026-06-24",3,2,0,0,66.7,FALSE,0.1
"Zone","Nord-Kivu","Kyondo","2026-06-25",3,2,0,0,66.7,FALSE,0.1
"Zone","Nord-Kivu","Kyondo","2026-06-29",3,2,0,0,66.7,FALSE,0.1
"Zone","Nord-Kivu","Kyondo","2026-06-30",3,2,0,0,66.7,FALSE,0.1
"Zone","Nord-Kivu","Kyondo","2026-07-01",3,2,0,0,66.7,FALSE,0
"Zone","Nord-Kivu","Kyondo","2026-07-02",3,2,0,0,66.7,FALSE,0
"Zone","Nord-Kivu","Kyondo","2026-07-03",4,2,1,0,50,FALSE,0.1
"Zone","Nord-Kivu","Kyondo","2026-07-04",4,2,0,0,50,FALSE,0.1
"Zone","Nord-Kivu","Kyondo","2026-07-05",4,2,0,0,50,FALSE,0.1
"Zone","Nord-Kivu","Kyondo","2026-07-06",4,2,0,0,50,FALSE,0.1
"Zone","Nord-Kivu","Kyondo","2026-07-07",4,2,0,0,50,FALSE,0.1
"Zone","Nord-Kivu","Kyondo","2026-07-08",4,2,0,0,50,FALSE,0.1
"Zone","Nord-Kivu","Kyondo","2026-07-09",5,3,1,1,60,FALSE,0.3
"Zone","Nord-Kivu","Kyondo","2026-07-10",5,3,0,0,60,FALSE,0.1
"Zone","Nord-Kivu","Kyondo","2026-07-11",7,3,2,0,42.9,FALSE,0.4
"Zone","Nord-Kivu","Kyondo","2026-07-13",7,3,0,0,42.9,FALSE,0.4
"Zone","Nord-Kivu","Kyondo","2026-07-15",7,3,0,0,42.9,FALSE,0.4
"Zone","Nord-Kivu","Kyondo","2026-07-17",8,4,1,1,50,FALSE,0.6
"Zone","Nord-Kivu","Kyondo","2026-07-18",9,4,1,0,44.4,FALSE,0.7
"Zone","Nord-Kivu","Kyondo","2026-07-19",9,4,0,0,44.4,FALSE,0.6
"Zone","Nord-Kivu","Kyondo","2026-07-20",10,5,1,1,50,FALSE,0.7
"Zone","Nord-Kivu","Kyondo","2026-07-22",10,7,0,2,70,FALSE,0.4
"Zone","Nord-Kivu","Kyondo","2026-07-23",10,7,0,0,70,FALSE,0.4
"Zone","Nord-Kivu","Mabalako","2026-06-13",1,0,NA,NA,0,FALSE,NA
"Zone","Nord-Kivu","Mabalako","2026-06-14",1,0,0,0,0,FALSE,NA
"Zone","Nord-Kivu","Mabalako","2026-06-15",1,0,0,0,0,FALSE,NA
"Zone","Nord-Kivu","Mabalako","2026-06-16",1,NA,0,NA,NA,FALSE,NA
"Zone","Nord-Kivu","Mabalako","2026-06-17",1,0,0,NA,0,FALSE,NA
"Zone","Nord-Kivu","Mabalako","2026-06-18",1,0,0,0,0,FALSE,NA
"Zone","Nord-Kivu","Mabalako","2026-06-19",1,0,0,0,0,FALSE,NA
"Zone","Nord-Kivu","Mabalako","2026-06-20",1,0,0,0,0,FALSE,0
"Zone","Nord-Kivu","Mabalako","2026-06-21",1,0,0,0,0,FALSE,0
"Zone","Nord-Kivu","Mabalako","2026-06-22",1,0,0,0,0,FALSE,0
"Zone","Nord-Kivu","Mabalako","2026-06-23",1,0,0,0,0,FALSE,0
"Zone","Nord-Kivu","Mabalako","2026-06-24",1,0,0,0,0,FALSE,0
"Zone","Nord-Kivu","Mabalako","2026-06-25",1,0,0,0,0,FALSE,0
"Zone","Nord-Kivu","Mabalako","2026-06-29",1,0,0,0,0,FALSE,0
"Zone","Nord-Kivu","Mabalako","2026-06-30",1,0,0,0,0,FALSE,0
"Zone","Nord-Kivu","Mabalako","2026-07-01",1,0,0,0,0,FALSE,0
"Zone","Nord-Kivu","Mabalako","2026-07-02",1,0,0,0,0,FALSE,0
"Zone","Nord-Kivu","Mabalako","2026-07-03",1,0,0,0,0,FALSE,0
"Zone","Nord-Kivu","Mabalako","2026-07-04",1,0,0,0,0,FALSE,0
"Zone","Nord-Kivu","Mabalako","2026-07-05",1,0,0,0,0,FALSE,0
"Zone","Nord-Kivu","Mabalako","2026-07-06",1,0,0,0,0,FALSE,0
"Zone","Nord-Kivu","Mabalako","2026-07-07",1,0,0,0,0,FALSE,0
"Zone","Nord-Kivu","Mabalako","2026-07-08",1,0,0,0,0,FALSE,0
"Zone","Nord-Kivu","Mabalako","2026-07-09",1,0,0,0,0,FALSE,0
"Zone","Nord-Kivu","Mabalako","2026-07-10",1,0,0,0,0,FALSE,0
"Zone","Nord-Kivu","Mabalako","2026-07-11",1,0,0,0,0,FALSE,0
"Zone","Nord-Kivu","Mabalako","2026-07-13",1,0,0,0,0,FALSE,0
"Zone","Nord-Kivu","Mabalako","2026-07-15",1,0,0,0,0,FALSE,0
"Zone","Nord-Kivu","Mabalako","2026-07-17",1,0,0,0,0,FALSE,0
"Zone","Nord-Kivu","Mabalako","2026-07-18",1,0,0,0,0,FALSE,0
"Zone","Nord-Kivu","Mabalako","2026-07-19",1,0,0,0,0,FALSE,0
"Zone","Nord-Kivu","Mabalako","2026-07-20",1,0,0,0,0,FALSE,0
"Zone","Nord-Kivu","Mabalako","2026-07-22",1,0,0,0,0,FALSE,0
"Zone","Nord-Kivu","Mabalako","2026-07-23",1,0,0,0,0,FALSE,0
"Zone","Nord-Kivu","Masereka","2026-06-10",1,0,NA,NA,0,FALSE,NA
"Zone","Nord-Kivu","Masereka","2026-06-11",1,1,0,1,100,FALSE,NA
"Zone","Nord-Kivu","Masereka","2026-06-13",1,0,0,-1,0,FALSE,NA
"Zone","Nord-Kivu","Masereka","2026-06-14",1,0,0,0,0,FALSE,NA
"Zone","Nord-Kivu","Masereka","2026-06-15",1,0,0,0,0,FALSE,NA
"Zone","Nord-Kivu","Masereka","2026-06-16",1,NA,0,NA,NA,FALSE,NA
"Zone","Nord-Kivu","Masereka","2026-06-17",1,0,0,NA,0,FALSE,NA
"Zone","Nord-Kivu","Masereka","2026-06-18",1,0,0,0,0,FALSE,0
"Zone","Nord-Kivu","Masereka","2026-06-19",1,0,0,0,0,FALSE,0
"Zone","Nord-Kivu","Masereka","2026-06-20",1,0,0,0,0,FALSE,0
"Zone","Nord-Kivu","Masereka","2026-06-21",1,0,0,0,0,FALSE,0
"Zone","Nord-Kivu","Masereka","2026-06-22",1,0,0,0,0,FALSE,0
"Zone","Nord-Kivu","Masereka","2026-06-23",1,0,0,0,0,FALSE,0
"Zone","Nord-Kivu","Masereka","2026-06-24",1,0,0,0,0,FALSE,0
"Zone","Nord-Kivu","Masereka","2026-06-25",1,0,0,0,0,FALSE,0
"Zone","Nord-Kivu","Masereka","2026-06-29",1,0,0,0,0,FALSE,0
"Zone","Nord-Kivu","Masereka","2026-06-30",1,0,0,0,0,FALSE,0
"Zone","Nord-Kivu","Masereka","2026-07-01",1,0,0,0,0,FALSE,0
"Zone","Nord-Kivu","Masereka","2026-07-02",1,0,0,0,0,FALSE,0
"Zone","Nord-Kivu","Masereka","2026-07-03",2,0,1,0,0,FALSE,0.1
"Zone","Nord-Kivu","Masereka","2026-07-04",2,0,0,0,0,FALSE,0.1
"Zone","Nord-Kivu","Masereka","2026-07-05",3,0,1,0,0,FALSE,0.3
"Zone","Nord-Kivu","Masereka","2026-07-06",3,0,0,0,0,FALSE,0.3
"Zone","Nord-Kivu","Masereka","2026-07-07",3,0,0,0,0,FALSE,0.3
"Zone","Nord-Kivu","Masereka","2026-07-08",3,0,0,0,0,FALSE,0.3
"Zone","Nord-Kivu","Masereka","2026-07-09",3,0,0,0,0,FALSE,0.3
"Zone","Nord-Kivu","Masereka","2026-07-10",3,0,0,0,0,FALSE,0.1
"Zone","Nord-Kivu","Masereka","2026-07-11",3,0,0,0,0,FALSE,0.1
"Zone","Nord-Kivu","Masereka","2026-07-13",3,0,0,0,0,FALSE,0
"Zone","Nord-Kivu","Masereka","2026-07-15",3,0,0,0,0,FALSE,0
"Zone","Nord-Kivu","Masereka","2026-07-17",3,0,0,0,0,FALSE,0
"Zone","Nord-Kivu","Masereka","2026-07-18",3,0,0,0,0,FALSE,0
"Zone","Nord-Kivu","Masereka","2026-07-19",3,0,0,0,0,FALSE,0
"Zone","Nord-Kivu","Masereka","2026-07-20",3,0,0,0,0,FALSE,0
"Zone","Nord-Kivu","Masereka","2026-07-22",4,0,1,0,0,FALSE,0.1
"Zone","Nord-Kivu","Masereka","2026-07-23",4,0,0,0,0,FALSE,0.1
"Zone","Nord-Kivu","Oicha","2026-05-24",1,NA,NA,NA,NA,FALSE,NA
"Zone","Nord-Kivu","Oicha","2026-05-25",1,NA,0,NA,NA,FALSE,NA
"Zone","Nord-Kivu","Oicha","2026-05-26",1,NA,0,NA,NA,FALSE,NA
"Zone","Nord-Kivu","Oicha","2026-05-27",2,NA,1,NA,NA,FALSE,NA
"Zone","Nord-Kivu","Oicha","2026-05-28",1,0,-1,NA,0,TRUE,NA
"Zone","Nord-Kivu","Oicha","2026-05-29",1,0,0,0,0,FALSE,NA
"Zone","Nord-Kivu","Oicha","2026-05-30",1,0,0,0,0,FALSE,NA
"Zone","Nord-Kivu","Oicha","2026-06-01",2,2,1,2,100,FALSE,0.3
"Zone","Nord-Kivu","Oicha","2026-06-02",2,2,0,0,100,FALSE,0.3
"Zone","Nord-Kivu","Oicha","2026-06-03",2,2,0,0,100,FALSE,0.3
"Zone","Nord-Kivu","Oicha","2026-06-04",2,2,0,0,100,FALSE,0.1
"Zone","Nord-Kivu","Oicha","2026-06-05",2,2,0,0,100,FALSE,0.1
"Zone","Nord-Kivu","Oicha","2026-06-06",2,2,0,0,100,FALSE,0.1
"Zone","Nord-Kivu","Oicha","2026-06-07",2,2,0,0,100,FALSE,0.1
"Zone","Nord-Kivu","Oicha","2026-06-08",2,2,0,0,100,FALSE,0
"Zone","Nord-Kivu","Oicha","2026-06-09",2,2,0,0,100,FALSE,0
"Zone","Nord-Kivu","Oicha","2026-06-10",2,2,0,0,100,FALSE,0
"Zone","Nord-Kivu","Oicha","2026-06-11",2,2,0,0,100,FALSE,0
"Zone","Nord-Kivu","Oicha","2026-06-13",2,2,0,0,100,FALSE,0
"Zone","Nord-Kivu","Oicha","2026-06-14",2,2,0,0,100,FALSE,0
"Zone","Nord-Kivu","Oicha","2026-06-15",2,2,0,0,100,FALSE,0
"Zone","Nord-Kivu","Oicha","2026-06-16",3,NA,1,NA,NA,FALSE,0.1
"Zone","Nord-Kivu","Oicha","2026-06-17",3,2,0,NA,66.7,FALSE,0.1
"Zone","Nord-Kivu","Oicha","2026-06-18",3,2,0,0,66.7,FALSE,0.1
"Zone","Nord-Kivu","Oicha","2026-06-19",3,2,0,0,66.7,FALSE,0.1
"Zone","Nord-Kivu","Oicha","2026-06-20",3,2,0,0,66.7,FALSE,0.1
"Zone","Nord-Kivu","Oicha","2026-06-21",3,2,0,0,66.7,FALSE,0.1
"Zone","Nord-Kivu","Oicha","2026-06-22",3,2,0,0,66.7,FALSE,0.1
"Zone","Nord-Kivu","Oicha","2026-06-23",3,2,0,0,66.7,FALSE,0
"Zone","Nord-Kivu","Oicha","2026-06-24",3,2,0,0,66.7,FALSE,0
"Zone","Nord-Kivu","Oicha","2026-06-25",3,2,0,0,66.7,FALSE,0
"Zone","Nord-Kivu","Oicha","2026-06-29",3,2,0,0,66.7,FALSE,0
"Zone","Nord-Kivu","Oicha","2026-06-30",3,2,0,0,66.7,FALSE,0
"Zone","Nord-Kivu","Oicha","2026-07-01",3,2,0,0,66.7,FALSE,0
"Zone","Nord-Kivu","Oicha","2026-07-02",3,2,0,0,66.7,FALSE,0
"Zone","Nord-Kivu","Oicha","2026-07-03",3,2,0,0,66.7,FALSE,0
"Zone","Nord-Kivu","Oicha","2026-07-04",3,2,0,0,66.7,FALSE,0
"Zone","Nord-Kivu","Oicha","2026-07-05",3,2,0,0,66.7,FALSE,0
"Zone","Nord-Kivu","Oicha","2026-07-06",3,2,0,0,66.7,FALSE,0
"Zone","Nord-Kivu","Oicha","2026-07-07",3,2,0,0,66.7,FALSE,0
"Zone","Nord-Kivu","Oicha","2026-07-08",3,2,0,0,66.7,FALSE,0
"Zone","Nord-Kivu","Oicha","2026-07-09",3,2,0,0,66.7,FALSE,0
"Zone","Nord-Kivu","Oicha","2026-07-10",3,2,0,0,66.7,FALSE,0
"Zone","Nord-Kivu","Oicha","2026-07-11",3,2,0,0,66.7,FALSE,0
"Zone","Nord-Kivu","Oicha","2026-07-13",3,2,0,0,66.7,FALSE,0
"Zone","Nord-Kivu","Oicha","2026-07-15",3,3,0,1,100,FALSE,0
"Zone","Nord-Kivu","Oicha","2026-07-17",3,3,0,0,100,FALSE,0
"Zone","Nord-Kivu","Oicha","2026-07-18",3,3,0,0,100,FALSE,0
"Zone","Nord-Kivu","Oicha","2026-07-19",4,3,1,0,75,FALSE,0.1
"Zone","Nord-Kivu","Oicha","2026-07-20",4,4,0,1,100,FALSE,0.1
"Zone","Nord-Kivu","Oicha","2026-07-22",4,3,0,-1,75,FALSE,0.1
"Zone","Nord-Kivu","Oicha","2026-07-23",4,3,0,0,75,FALSE,0.1
"Zone","Nord-Kivu","Vuhovi","2026-06-10",1,1,NA,NA,100,FALSE,NA
"Zone","Nord-Kivu","Vuhovi","2026-06-11",1,1,0,0,100,FALSE,NA
"Zone","Nord-Kivu","Vuhovi","2026-06-13",1,1,0,0,100,FALSE,NA
"Zone","Nord-Kivu","Vuhovi","2026-06-14",1,1,0,0,100,FALSE,NA
"Zone","Nord-Kivu","Vuhovi","2026-06-15",1,1,0,0,100,FALSE,NA
"Zone","Nord-Kivu","Vuhovi","2026-06-16",1,NA,0,NA,NA,FALSE,NA
"Zone","Nord-Kivu","Vuhovi","2026-06-17",1,1,0,NA,100,FALSE,NA
"Zone","Nord-Kivu","Vuhovi","2026-06-18",1,1,0,0,100,FALSE,0
"Zone","Nord-Kivu","Vuhovi","2026-06-19",1,1,0,0,100,FALSE,0
"Zone","Nord-Kivu","Vuhovi","2026-06-20",1,1,0,0,100,FALSE,0
"Zone","Nord-Kivu","Vuhovi","2026-06-21",1,1,0,0,100,FALSE,0
"Zone","Nord-Kivu","Vuhovi","2026-06-22",1,1,0,0,100,FALSE,0
"Zone","Nord-Kivu","Vuhovi","2026-06-23",1,1,0,0,100,FALSE,0
"Zone","Nord-Kivu","Vuhovi","2026-06-24",1,1,0,0,100,FALSE,0
"Zone","Nord-Kivu","Vuhovi","2026-06-25",1,1,0,0,100,FALSE,0
"Zone","Nord-Kivu","Vuhovi","2026-06-29",1,1,0,0,100,FALSE,0
"Zone","Nord-Kivu","Vuhovi","2026-06-30",1,1,0,0,100,FALSE,0
"Zone","Nord-Kivu","Vuhovi","2026-07-01",1,1,0,0,100,FALSE,0
"Zone","Nord-Kivu","Vuhovi","2026-07-02",1,1,0,0,100,FALSE,0
"Zone","Nord-Kivu","Vuhovi","2026-07-03",1,1,0,0,100,FALSE,0
"Zone","Nord-Kivu","Vuhovi","2026-07-04",1,1,0,0,100,FALSE,0
"Zone","Nord-Kivu","Vuhovi","2026-07-05",1,1,0,0,100,FALSE,0
"Zone","Nord-Kivu","Vuhovi","2026-07-06",1,1,0,0,100,FALSE,0
"Zone","Nord-Kivu","Vuhovi","2026-07-07",1,1,0,0,100,FALSE,0
"Zone","Nord-Kivu","Vuhovi","2026-07-08",1,1,0,0,100,FALSE,0
"Zone","Nord-Kivu","Vuhovi","2026-07-09",1,1,0,0,100,FALSE,0
"Zone","Nord-Kivu","Vuhovi","2026-07-10",1,1,0,0,100,FALSE,0
"Zone","Nord-Kivu","Vuhovi","2026-07-11",1,1,0,0,100,FALSE,0
"Zone","Nord-Kivu","Vuhovi","2026-07-13",1,1,0,0,100,FALSE,0
"Zone","Nord-Kivu","Vuhovi","2026-07-15",1,1,0,0,100,FALSE,0
"Zone","Nord-Kivu","Vuhovi","2026-07-17",1,1,0,0,100,FALSE,0
"Zone","Nord-Kivu","Vuhovi","2026-07-18",1,1,0,0,100,FALSE,0
"Zone","Nord-Kivu","Vuhovi","2026-07-19",1,1,0,0,100,FALSE,0
"Zone","Nord-Kivu","Vuhovi","2026-07-20",1,1,0,0,100,FALSE,0
"Zone","Nord-Kivu","Vuhovi","2026-07-22",1,1,0,0,100,FALSE,0
"Zone","Nord-Kivu","Vuhovi","2026-07-23",1,1,0,0,100,FALSE,0
